trade_date,wind_code,open,high,low,close,volume,amt
2024-12-02,8841321.WI,4829.56,4906.41,4812.23,4889.59,410639100,17037788600
2024-12-03,8841321.WI,4954.10,4986.92,4789.87,4817.47,398660000,17942027200
2024-12-04,8841321.WI,4901.23,4935.30,4747.46,4767.64,625708600,20225697500
2024-12-05,8841321.WI,4713.99,4781.11,4713.99,4746.61,411967600,14375308500
2024-12-06,8841321.WI,4748.57,4837.86,4691.45,4797.67,384295900,14576878400
2024-12-09,8841321.WI,4774.31,4790.52,4673.32,4701.93,324754300,12070125900
2024-12-10,8841321.WI,4884.52,4894.40,4737.56,4749.82,363966800,16014225200
2024-12-11,8841321.WI,4746.62,4805.69,4720.80,4741.50,254736000,12943646000
2024-12-12,8841321.WI,4736.08,4757.12,4690.51,4737.93,256984600,12808883900
2024-12-13,8841321.WI,4705.31,4706.02,4590.81,4598.39,335012600,15816864200
2024-12-16,8841321.WI,4587.54,4591.68,4471.53,4493.01,278240200,12704685400
2024-12-17,8841321.WI,4482.55,4509.28,4416.41,4420.62,207449800,9467071000
2024-12-18,8841321.WI,4442.85,4536.13,4414.05,4517.77,269501500,13858193100
2024-12-19,8841321.WI,4451.78,4566.76,4447.04,4547.06,302293200,13523486500
2024-12-20,8841321.WI,4539.05,4721.04,4519.87,4676.39,324007500,17258204400
2024-12-23,8841321.WI,4672.00,4702.70,4550.18,4556.16,259459300,14169292500
2024-12-24,8841321.WI,4582.22,4613.47,4503.17,4613.10,233522200,11956439600
2024-12-25,8841321.WI,4608.91,4624.64,4504.56,4535.17,219432400,10435043700
2024-12-26,8841321.WI,4528.34,4620.74,4503.83,4591.05,250804400,11279646000
2024-12-27,8841321.WI,4588.75,4666.05,4547.24,4557.92,264838000,15491695700
2024-12-30,8841321.WI,4543.53,4578.31,4472.71,4488.24,175942400,10005548000
2024-12-31,8841321.WI,4495.86,4497.93,4296.35,4296.35,241262100,12562972600
2025-01-02,8841321.WI,4289.55,4292.95,4089.13,4136.06,268850200,12765231500
2025-01-03,8841321.WI,4151.98,4177.58,4029.46,4037.75,219487000,9916373600
2025-01-06,8841321.WI,4048.57,4092.04,4022.59,4053.15,168448500,7348461000
2025-01-07,8841321.WI,4070.29,4161.90,4069.94,4160.33,180595200,9244140500
2025-01-08,8841321.WI,4135.89,4183.76,3998.85,4131.69,206784900,9901168300
2025-01-09,8841321.WI,4115.62,4205.28,4112.71,4168.13,208394300,8292784900
2025-01-10,8841321.WI,4164.15,4297.46,4139.74,4139.74,213375200,10034671300
2025-01-13,8841321.WI,4078.09,4175.58,4071.10,4163.54,189547800,7637297000
2025-01-14,8841321.WI,4180.18,4356.40,4153.71,4356.17,291373600,12698249400
2025-01-15,8841321.WI,4350.32,4364.17,4299.92,4318.77,206681400,9671493100
2025-01-16,8841321.WI,4342.98,4429.87,4279.39,4329.80,261384800,11856495300
2025-01-17,8841321.WI,4310.02,4447.27,4287.29,4393.19,216571900,10965499300
2025-01-20,8841321.WI,4424.68,4434.36,4369.30,4391.12,192025100,8908069900
2025-01-21,8841321.WI,4410.69,4414.52,4326.01,4406.67,168882400,9322031200
2025-01-22,8841321.WI,4378.57,4405.65,4338.25,4360.32,145799600,8297876100
2025-01-23,8841321.WI,4403.33,4453.45,4317.34,4317.34,236723200,10719262800
2025-01-24,8841321.WI,4303.96,4382.98,4303.96,4366.61,170935600,9114680900
2025-01-27,8841321.WI,4370.09,4377.99,4259.37,4259.37,173866100,7482693700
2025-02-05,8841321.WI,4326.64,4343.13,4285.90,4296.35,243009500,10375273300
2025-02-06,8841321.WI,4281.93,4531.49,4269.87,4529.31,351909900,19826811700
2025-02-07,8841321.WI,4527.77,4624.27,4482.94,4551.09,445493300,18165231200
2025-02-10,8841321.WI,4556.92,4620.71,4495.34,4615.11,468977500,16303511000
2025-02-11,8841321.WI,4613.78,4613.78,4527.43,4555.76,344809700,12699680600
2025-02-12,8841321.WI,4560.46,4647.65,4549.90,4647.23,340000300,16662469700
2025-02-13,8841321.WI,4640.76,4640.76,4542.28,4551.66,446036900,15553413000
2025-02-14,8841321.WI,4529.92,4559.89,4472.28,4539.48,498140200,16481446700
2025-02-17,8841321.WI,4542.65,4627.65,4529.80,4620.49,445778900,17606795900
2025-02-18,8841321.WI,4615.85,4743.14,4578.22,4597.36,400262100,20806498600
2025-02-19,8841321.WI,4585.96,4757.08,4585.96,4755.67,383948100,21094051100
2025-02-20,8841321.WI,4748.37,4779.39,4710.54,4750.92,330117800,15839193400
2025-02-21,8841321.WI,4751.18,4857.04,4719.63,4841.50,435248900,20352026900
2025-02-24,8841321.WI,4843.68,4962.03,4832.68,4901.08,444842200,19345857600
2025-02-25,8841321.WI,4848.16,5013.28,4836.89,4917.16,669164300,24538592900
2025-02-26,8841321.WI,4921.00,4958.66,4841.19,4945.73,480255400,18883959800
2025-02-27,8841321.WI,4945.71,4957.51,4789.99,4897.96,390667700,16646471100
2025-02-28,8841321.WI,4893.99,4920.38,4721.88,4735.78,377344900,17404975200
2025-03-03,8841321.WI,4744.58,4768.41,4648.29,4676.16,323795500,13680256700
2025-03-04,8841321.WI,4620.90,4797.31,4611.10,4781.19,298768300,13887566800
2025-03-05,8841321.WI,4757.32,4808.07,4721.17,4773.33,219402300,10362820200
2025-03-06,8841321.WI,4845.35,5008.55,4845.35,4947.32,386569800,20652136800
2025-03-07,8841321.WI,4913.71,4960.78,4871.01,4909.69,315503200,13991496100
2025-03-10,8841321.WI,4903.76,4932.03,4861.28,4893.15,269105400,11992426300
2025-03-11,8841321.WI,4850.63,4935.37,4835.78,4898.36,194139700,11708214000
2025-03-12,8841321.WI,4921.49,4933.52,4840.71,4849.51,244928200,12462850600
2025-03-13,8841321.WI,4835.54,4841.62,4704.33,4743.82,212209400,10257610000
2025-03-14,8841321.WI,4746.49,4863.90,4726.10,4853.77,228373000,12183493700
2025-03-17,8841321.WI,4868.91,4907.30,4834.01,4889.80,190086300,9749144400
2025-03-18,8841321.WI,4909.53,4983.68,4902.05,4931.91,242750300,11240239800
2025-03-19,8841321.WI,4913.87,4926.90,4850.04,4872.49,178708500,8758713500
2025-03-20,8841321.WI,4863.94,4882.53,4817.83,4823.66,171935300,8199530400
2025-03-21,8841321.WI,4810.45,4836.02,4727.47,4747.40,207974800,10864014100
2025-03-24,8841321.WI,4736.27,4839.44,4701.27,4794.07,229258000,11681927100
2025-03-25,8841321.WI,4790.42,4814.49,4731.22,4745.57,149382700,7280156400
2025-03-26,8841321.WI,4735.23,4805.53,4735.23,4771.46,132110700,6877536400
2025-03-27,8841321.WI,4773.97,4937.94,4743.25,4880.81,192700200,10246252500
2025-03-28,8841321.WI,4906.18,4945.68,4786.65,4791.60,220978500,13688501700
2025-03-31,8841321.WI,4753.90,4823.31,4716.82,4780.19,278584700,13012116400
2025-04-01,8841321.WI,4779.18,4884.80,4771.24,4845.37,237426400,12710429300
2025-04-02,8841321.WI,4841.15,4886.98,4814.29,4828.10,166501000,8624731900
2025-04-03,8841321.WI,4780.00,4882.89,4743.64,4788.12,223914700,11925694600
2025-04-07,8841321.WI,4515.45,4624.58,4184.70,4295.77,444366200,20781135500
2025-04-08,8841321.WI,4345.67,4434.57,4201.10,4306.03,458529400,17956261300
2025-04-09,8841321.WI,4215.93,4534.73,4116.35,4483.85,589874000,23596727400
2025-04-10,8841321.WI,4564.18,4661.14,4551.33,4579.61,725471500,21891153500
2025-04-11,8841321.WI,4540.25,4848.61,4534.23,4747.18,589862300,21559164600
2025-04-14,8841321.WI,4795.34,4804.38,4706.25,4743.19,521508700,16457311600
2025-04-15,8841321.WI,4718.70,4725.21,4646.08,4684.84,360546900,12075921700
2025-04-16,8841321.WI,4666.24,4724.49,4616.27,4676.80,274692500,11745588900
2025-04-17,8841321.WI,4635.57,4745.53,4635.11,4652.54,243585200,9329843300
2025-04-18,8841321.WI,4633.99,4656.24,4565.90,4588.60,195410000,7701516500
2025-04-21,8841321.WI,4568.52,4670.49,4563.22,4670.37,209870700,7898923600
2025-04-22,8841321.WI,4654.89,4729.11,4630.29,4694.27,239105500,10444497800
2025-04-23,8841321.WI,4675.19,4703.67,4640.05,4674.84,244039900,9774286600
2025-04-24,8841321.WI,4654.57,4654.57,4583.40,4605.10,227300500,7836051900
2025-04-25,8841321.WI,4599.94,4627.46,4521.26,4605.15,175752500,8668326200
2025-04-28,8841321.WI,4616.77,4646.76,4572.60,4603.85,152460500,8208666200
2025-04-29,8841321.WI,4563.59,4617.79,4546.70,4610.51,151293800,6732213200
2025-04-30,8841321.WI,4594.70,4628.22,4581.14,4594.53,158670800,8192609700
2025-05-06,8841321.WI,4631.28,4720.69,4631.28,4720.61,211408600,9686578900
2025-05-07,8841321.WI,4773.08,4789.42,4650.86,4698.97,207398500,9928262400
2025-05-08,8841321.WI,4672.30,4710.03,4655.29,4704.87,175672300,7355846500
2025-05-09,8841321.WI,4691.23,4691.23,4564.98,4574.52,156703100,8038075800
2025-05-12,8841321.WI,4601.25,4645.28,4599.22,4630.92,177925400,7831275400
2025-05-13,8841321.WI,4668.08,4687.30,4608.55,4614.70,163970700,7124267600
2025-05-14,8841321.WI,4625.99,4659.94,4586.84,4613.55,161414600,7560754300
2025-05-15,8841321.WI,4600.24,4600.24,4504.99,4507.15,130342400,5952737900
2025-05-16,8841321.WI,4491.18,4539.07,4486.85,4514.63,114228100,5411081000
2025-05-19,8841321.WI,4521.57,4558.27,4494.12,4537.94,122509900,6507871200
2025-05-20,8841321.WI,4533.89,4570.37,4505.52,4557.13,116270200,5504069600
2025-05-21,8841321.WI,4540.40,4562.80,4486.77,4511.72,123982200,6417213500
2025-05-22,8841321.WI,4503.11,4572.82,4485.01,4486.74,136275900,6604931500
2025-05-23,8841321.WI,4483.31,4531.49,4462.65,4463.35,127868400,6516355600
2025-05-26,8841321.WI,4496.15,4554.41,4496.15,4527.98,189951000,8403083900
2025-05-27,8841321.WI,4510.77,4531.79,4489.54,4511.84,414153700,10057697300
2025-05-28,8841321.WI,4511.67,4514.10,4440.86,4444.44,273838900,8455753400
2025-05-29,8841321.WI,4445.25,4544.67,4443.06,4537.92,179467700,7244480100
2025-05-30,8841321.WI,4521.67,4521.67,4466.09,4466.09,139853100,5564598000
2025-06-03,8841321.WI,4451.09,4549.88,4451.09,4517.96,112481600,6341171100
2025-06-04,8841321.WI,4517.21,4543.40,4503.18,4527.71,107743800,4886985900
2025-06-05,8841321.WI,4529.01,4592.11,4516.73,4584.17,140735900,6477743100
2025-06-06,8841321.WI,4579.25,4599.12,4565.77,4597.66,124615000,5298749500
2025-06-09,8841321.WI,4599.25,4641.79,4579.78,4633.05,159278800,6893674300
2025-06-10,8841321.WI,4635.06,4636.40,4499.08,4520.81,178251200,8063633300
2025-06-11,8841321.WI,4523.19,4574.21,4513.85,4515.21,107935900,5731098100
2025-06-12,8841321.WI,4507.17,4510.28,4473.13,4485.77,111700700,7591202600
2025-06-13,8841321.WI,4468.29,4513.13,4427.70,4455.34,141563000,8500435900
2025-06-16,8841321.WI,4435.41,4468.81,4434.11,4456.48,97124700,4957624300
2025-06-17,8841321.WI,4460.34,4478.85,4424.04,4443.79,81980800,4666066500
2025-06-18,8841321.WI,4443.53,4541.85,4442.72,4523.90,125223800,6588154100
2025-06-19,8841321.WI,4521.45,4609.40,4514.00,4538.40,137558200,8426141900
2025-06-20,8841321.WI,4542.44,4611.91,4542.44,4576.68,128263700,6906266200
2025-06-23,8841321.WI,4552.09,4686.48,4541.70,4673.97,158452300,10477413100
2025-06-24,8841321.WI,4681.00,4737.34,4668.18,4736.03,156551500,8045633100
2025-06-25,8841321.WI,4736.61,4767.62,4687.51,4763.94,192621100,9355357000
2025-06-26,8841321.WI,4777.35,4799.50,4724.05,4726.81,204591700,9272697400
2025-06-27,8841321.WI,4760.46,4819.75,4725.56,4762.91,194272000,8644116900
2025-06-30,8841321.WI,4785.76,4861.10,4785.76,4841.26,191406500,9792114900
2025-07-01,8841321.WI,4847.90,4934.33,4844.56,4900.97,185385700,8699825800
2025-07-02,8841321.WI,4873.17,4873.17,4748.67,4769.90,165566300,7612386000
2025-07-03,8841321.WI,4768.08,4786.96,4737.81,4764.28,125177800,6326083700
2025-07-04,8841321.WI,4761.24,4893.02,4724.30,4806.29,159692200,10288395400
2025-07-07,8841321.WI,4800.50,4873.48,4795.70,4813.10,106994000,6618703700
2025-07-08,8841321.WI,4841.56,4898.17,4825.00,4884.03,183202400,8854484000
2025-07-09,8841321.WI,4872.59,4908.76,4837.77,4846.00,138349800,7437683700
2025-07-10,8841321.WI,4845.46,4857.35,4816.71,4837.53,114873000,6404989400
2025-07-11,8841321.WI,4833.97,4873.95,4806.40,4858.58,157206500,7149856900
2025-07-14,8841321.WI,4852.21,4862.27,4817.47,4826.66,98525100,5747124200
2025-07-15,8841321.WI,4829.46,4849.77,4772.27,4787.20,164546100,7221110000
2025-07-16,8841321.WI,4789.63,4844.65,4778.44,4783.82,222724100,7259073600
2025-07-17,8841321.WI,4778.56,4799.87,4748.92,4799.87,190426500,8774668900
2025-07-18,8841321.WI,4831.21,4860.82,4791.36,4823.05,177981200,9849330100
2025-07-21,8841321.WI,4818.09,4818.40,4788.83,4815.52,157051100,8091487600
2025-07-22,8841321.WI,4806.71,4876.59,4794.45,4845.15,179880900,10108293000
2025-07-23,8841321.WI,4838.98,4957.63,4829.05,4936.30,244151600,15975802200
2025-07-24,8841321.WI,4939.00,5035.43,4937.10,5032.30,284349900,13667869100
2025-07-25,8841321.WI,5024.97,5083.97,4995.14,5081.42,275493900,12337463000
2025-07-28,8841321.WI,5105.71,5159.59,5068.76,5133.05,267317100,12656836700
2025-07-29,8841321.WI,5120.12,5210.61,5097.96,5207.92,243235900,13759319900
2025-07-30,8841321.WI,5187.43,5217.23,5104.61,5153.51,233058100,13040390700
2025-07-31,8841321.WI,5146.41,5215.59,5096.39,5111.18,326677100,16426553300
2025-08-01,8841321.WI,5108.35,5167.06,5051.55,5076.46,243384300,11149454100
2025-08-04,8841321.WI,5051.01,5140.97,5047.48,5140.29,178601800,9505959600
2025-08-05,8841321.WI,5146.53,5159.46,5118.65,5159.41,183459900,9123754400
2025-08-06,8841321.WI,5147.86,5194.39,5119.89,5194.39,248519900,10437529400
2025-08-07,8841321.WI,5196.96,5293.95,5194.71,5240.91,361862000,15426589600
2025-08-08,8841321.WI,5220.74,5249.81,5181.68,5223.08,308377300,12907978000
2025-08-11,8841321.WI,5230.13,5344.05,5227.74,5316.64,282209000,13261689000
2025-08-12,8841321.WI,5317.27,5382.60,5277.71,5340.88,727179800,23562236900
2025-08-13,8841321.WI,5342.75,5420.63,5341.87,5417.82,813056400,23729499300
2025-08-14,8841321.WI,5430.75,5485.06,5343.36,5359.44,956312500,31525212300
2025-08-15,8841321.WI,5355.89,5440.54,5341.25,5430.94,657633500,22073640500
2025-08-18,8841321.WI,5463.47,5656.98,5420.20,5612.70,762835600,28566654000
2025-08-19,8841321.WI,5604.49,5604.49,5504.16,5547.97,592994500,21410904400
2025-08-20,8841321.WI,5534.40,5717.18,5478.26,5717.04,501422100,22874502400
2025-08-21,8841321.WI,5697.79,5770.65,5644.96,5681.24,430471800,23316482900
2025-08-22,8841321.WI,5670.13,6006.90,5669.40,5969.88,671390800,34540604100
2025-08-25,8841321.WI,6049.63,6131.14,5886.31,5971.27,765864300,39391104200
2025-08-26,8841321.WI,5929.20,6097.01,5898.83,6027.49,722655800,31244007900
2025-08-27,8841321.WI,5999.27,6259.87,5997.82,6000.29,700526300,36919452700
2025-08-28,8841321.WI,6005.99,6279.19,5977.53,6277.58,623412800,37852851700
2025-08-29,8841321.WI,6220.08,6220.08,6078.82,6145.20,471209200,33300959800
2025-09-01,8841321.WI,6229.74,6355.13,6152.07,6334.11,511397200,31643456500
2025-09-02,8841321.WI,6321.73,6361.01,6044.17,6086.94,499595000,29858182500
2025-09-03,8841321.WI,6117.40,6276.98,6077.95,6108.91,438169000,22793927300
2025-09-04,8841321.WI,6076.64,6097.38,5632.88,5744.87,471710500,27148084300
2025-09-05,8841321.WI,5743.74,5986.73,5710.40,5966.55,406345600,21108412500
2025-09-08,8841321.WI,5976.67,6084.54,5890.75,6072.14,380095800,22974845300
2025-09-09,8841321.WI,6020.41,6020.41,5852.16,5879.98,344335100,17627128000
2025-09-10,8841321.WI,5879.40,5951.88,5834.10,5886.34,297791100,16361893100
2025-09-11,8841321.WI,5876.10,6133.17,5834.63,6131.34,482834700,25583192400
2025-09-12,8841321.WI,6146.15,6266.27,6121.52,6182.00,425332500,24283930300
2025-09-15,8841321.WI,6275.46,6292.68,6135.13,6177.31,360099500,22879725700
2025-09-16,8841321.WI,6166.86,6263.14,6164.82,6245.61,381661600,22314758000
2025-09-17,8841321.WI,6256.34,6456.30,6222.88,6420.45,392259800,28869458100
2025-09-18,8841321.WI,6418.65,6757.46,6418.65,6541.51,604249500,45281559900
2025-09-19,8841321.WI,6592.19,6737.91,6529.83,6574.92,429462600,30527822100
2025-09-22,8841321.WI,6588.20,6716.70,6534.44,6696.46,516384700,30694337300
2025-09-23,8841321.WI,6887.22,6971.37,6693.64,6953.38,536079300,37845511900
2025-09-24,8841321.WI,6925.80,7575.53,6923.03,7388.45,686351300,59174328800
2025-09-25,8841321.WI,7347.73,7377.68,7206.77,7282.65,653160500,48269835900
2025-09-26,8841321.WI,7224.26,7450.56,7224.26,7312.52,560202800,43626625700
2025-09-29,8841321.WI,7298.62,7460.54,7298.62,7460.54,464793400,41362440400
2025-09-30,8841321.WI,7486.01,7588.37,7409.52,7455.32,464441200,40567545400
2025-10-09,8841321.WI,7532.05,7807.22,7468.69,7587.59,574959400,48737563100
2025-10-10,8841321.WI,7462.95,7538.04,7318.93,7371.68,510987700,40584795100
2025-10-13,8841321.WI,7058.94,7505.22,7058.94,7497.07,521564800,35848500900
2025-10-14,8841321.WI,7583.80,7608.05,7019.36,7060.99,630947800,46161202400
2025-10-15,8841321.WI,7040.64,7116.41,6905.22,7103.20,451586400,30941295100
2025-10-16,8841321.WI,7052.67,7162.18,6974.48,6995.06,364802000,24799836200
2025-10-17,8841321.WI,6971.59,7005.83,6723.92,6733.43,352468200,24119800400
2025-10-20,8841321.WI,6849.75,6913.00,6722.14,6766.99,291005300,20718738200
2025-10-21,8841321.WI,6814.60,6904.41,6775.21,6897.49,314469500,22825238600
2025-10-22,8841321.WI,6838.06,6952.70,6795.23,6874.27,253905000,19650583500
2025-10-23,8841321.WI,6843.33,6867.62,6747.40,6840.25,295517100,19091659400
2025-10-24,8841321.WI,6912.53,7115.19,6902.83,7100.88,385579700,31817954300
2025-10-27,8841321.WI,7232.38,7360.61,7163.01,7336.75,412874100,36239111300
2025-10-28,8841321.WI,7278.45,7432.77,7259.46,7313.98,304028700,26566237500
2025-10-29,8841321.WI,7280.13,7383.55,7214.79,7383.55,369372800,27597071300
2025-10-30,8841321.WI,7321.50,7354.42,7188.61,7188.61,441467500,31181759400
2025-10-31,8841321.WI,7151.82,7177.43,6981.73,6986.81,357262200,28180425200
2025-11-03,8841321.WI,6918.53,6943.86,6725.09,6933.72,314967600,24409282200
2025-11-04,8841321.WI,6934.76,6979.85,6857.96,6906.71,289400700,23133760800
2025-11-05,8841321.WI,6772.82,6916.98,6758.07,6884.63,246366800,18246946000
2025-11-06,8841321.WI,6933.24,7127.61,6904.02,7106.03,275755800,25016109900
2025-11-07,8841321.WI,7049.25,7171.79,7003.07,7085.57,234675200,21745881400
2025-11-10,8841321.WI,7106.95,7295.22,7102.31,7189.29,257615100,26555364500
2025-11-11,8841321.WI,7250.54,7356.48,7103.61,7129.92,231130500,22326576800
2025-11-12,8841321.WI,7060.79,7196.27,6951.41,7079.21,200402800,18382266200
2025-11-13,8841321.WI,7067.50,7155.79,7033.24,7079.93,182883300,15860512800
2025-11-14,8841321.WI,7004.00,7118.26,6903.02,6957.64,174711500,14694751800
2025-11-17,8841321.WI,6991.77,7077.10,6834.37,6866.09,184024700,16799202400
2025-11-18,8841321.WI,6855.56,7093.04,6848.99,6955.04,224659900,24906771000
2025-11-19,8841321.WI,6929.46,7006.52,6851.59,6868.28,165931700,14134257900
2025-11-20,8841321.WI,6938.96,6967.18,6754.02,6757.10,172116700,14677222000
2025-11-21,8841321.WI,6632.98,6697.66,6460.72,6460.72,216454500,17430137600
2025-11-24,8841321.WI,6512.56,6612.38,6443.36,6544.68,181222900,17701682300
2025-11-25,8841321.WI,6603.11,6705.43,6571.85,6583.90,174861600,14193123700
2025-11-26,8841321.WI,6557.51,6706.58,6527.99,6616.55,175308200,14497388600
2025-11-27,8841321.WI,6618.35,6765.39,6605.60,6614.48,158764900,14381300900
2025-11-28,8841321.WI,6597.31,6826.00,6585.30,6795.45,176371400,16915884600
2025-12-01,8841321.WI,6782.52,6823.00,6709.35,6823.00,197693200,19008147800
2025-12-02,8841321.WI,6791.86,6800.25,6699.52,6718.16,138483500,12197150200
2025-12-03,8841321.WI,6714.39,6828.49,6708.74,6735.63,189425500,15516211200
2025-12-04,8841321.WI,6726.51,6975.57,6672.55,6892.46,201472400,21423931300
2025-12-05,8841321.WI,6874.18,6921.73,6775.44,6918.12,181155000,16332692900
2025-12-08,8841321.WI,6935.63,7144.95,6918.65,7100.77,235692500,21644041600
2025-12-09,8841321.WI,7055.22,7154.78,7047.47,7091.85,183142500,16946464200
2025-12-10,8841321.WI,7067.06,7142.36,6995.09,7127.14,183963500,16307625700
2025-12-11,8841321.WI,7147.07,7191.07,7059.18,7061.58,179577800,15809387000
2025-12-12,8841321.WI,7064.02,7239.50,6931.33,7224.98,265171200,26386761200
2025-12-15,8841321.WI,7181.91,7222.33,7104.86,7111.52,206465000,20819029700
2025-12-16,8841321.WI,7087.83,7095.71,6923.93,7025.82,190677100,16633716500
2025-12-17,8841321.WI,7031.24,7204.96,6944.35,7185.21,187793100,16913650600
2025-12-18,8841321.WI,7163.64,7230.58,7102.70,7106.17,171718200,14460610600
2025-12-19,8841321.WI,7136.89,7192.41,7069.05,7101.82,145897100,11520346900
2025-12-22,8841321.WI,7141.08,7484.00,7135.48,7482.00,230341700,20513526700
2025-12-23,8841321.WI,7468.81,7663.18,7462.73,7598.82,239113400,20853312700
2025-12-24,8841321.WI,7655.22,7714.92,7567.33,7699.71,276551700,20529876000
2025-12-25,8841321.WI,7665.03,7737.95,7586.92,7726.97,250400100,19729219600
2025-12-26,8841321.WI,7711.84,7788.98,7603.50,7644.06,271375900,18737438400
2025-12-29,8841321.WI,7634.75,7661.69,7540.96,7586.88,209116100,17985461900
2025-12-30,8841321.WI,7565.73,7699.26,7520.15,7533.28,196308300,18808204000
2025-12-31,8841321.WI,7637.44,7652.76,7471.37,7498.22,215698600,17993352900
2026-01-05,8841321.WI,7566.08,7782.47,7566.08,7782.34,303965400,31487535300
2026-01-06,8841321.WI,7793.31,8124.99,7784.88,7957.91,355672700,37438595600
2026-01-07,8841321.WI,8085.76,8432.92,8053.52,8414.14,414861800,45976077400
2026-01-08,8841321.WI,8362.51,8482.50,8349.89,8424.46,340901300,34512012900
2026-01-09,8841321.WI,8334.93,8445.82,8288.72,8415.84,369013500,35918325700
2026-01-12,8841321.WI,8426.65,8574.13,8412.47,8531.02,420474000,37694276900
2026-01-13,8841321.WI,8509.75,8578.00,8194.90,8232.89,526573500,34363894400
2026-01-14,8841321.WI,8265.98,8602.09,8265.98,8468.72,565361600,39153031100
2026-01-15,8841321.WI,8422.16,8730.92,8367.65,8729.11,419376000,37874935300
2026-01-16,8841321.WI,8851.76,9251.07,8846.22,9195.70,642366100,55695535100
2026-01-19,8841321.WI,9302.99,9325.68,9110.04,9221.59,422435700,37283310900
2026-01-20,8841321.WI,9143.00,9281.46,9061.85,9158.47,393868500,32565724400
2026-01-21,8841321.WI,9109.40,9454.19,9109.40,9421.70,432437200,39826687400
2026-01-22,8841321.WI,9563.72,9590.10,9225.67,9300.35,1017403400,47741397100
2026-01-23,8841321.WI,9313.30,9546.26,9224.33,9546.26,824808100,46358514700
2026-01-26,8841321.WI,9432.65,9450.59,9124.08,9144.24,605199800,39154279400
2026-01-27,8841321.WI,9091.16,9486.11,9034.97,9407.14,568238600,38645822000
2026-01-28,8841321.WI,9453.77,9500.62,9264.37,9406.29,421608200,36307850200
2026-01-29,8841321.WI,9344.34,9453.85,9065.28,9070.50,472003300,40129053200
2026-01-30,8841321.WI,9014.01,9198.88,8821.09,9117.85,398426700,31246231600
2026-02-02,8841321.WI,9040.61,9062.76,8705.51,8708.41,339410400,30985580000
2026-02-03,8841321.WI,8884.45,9065.83,8837.22,9063.19,413494500,32229976300
2026-02-04,8841321.WI,8967.80,9125.10,8954.66,9086.28,353710800,27521891200
2026-02-05,8841321.WI,8866.00,9069.93,8755.65,8985.27,292846600,28657390800
2026-02-06,8841321.WI,8884.55,9013.82,8828.89,8863.85,299025300,25615278600
2026-02-09,8841321.WI,9060.59,9127.14,8985.64,9116.09,331438100,26368636500
2026-02-10,8841321.WI,9118.29,9213.36,9060.03,9154.03,251762500,20429874200
2026-02-11,8841321.WI,9141.36,9165.46,9015.72,9025.42,193273200,17018805100
2026-02-12,8841321.WI,9076.29,9125.32,8984.74,9092.26,311316500,22064351700
2026-02-13,8841321.WI,9047.48,9387.61,9043.10,9242.63,345270200,28304112500
2026-02-24,8841321.WI,9320.44,9349.83,9089.39,9255.37,285793200,24160966100
2026-02-25,8841321.WI,9293.10,9666.89,9204.45,9612.65,357057100,38022109500
2026-02-26,8841321.WI,9616.11,9947.61,9510.23,9861.35,359453500,35028479000
2026-02-27,8841321.WI,9709.41,9769.26,9596.13,9742.36,357194800,30574946500
2026-03-02,8841321.WI,9513.79,9828.52,9513.79,9636.42,359815800,32367149400
2026-03-03,8841321.WI,9621.30,9689.83,9034.18,9064.28,419908400,33922721700
2026-03-04,8841321.WI,8960.65,9174.84,8953.85,9019.98,235537200,20798357200
2026-03-05,8841321.WI,9225.73,9364.90,9067.11,9165.66,272710600,25651075900
2026-03-06,8841321.WI,9101.81,9202.76,9065.63,9087.95,200621300,18554594400
2026-03-09,8841321.WI,8786.96,8905.15,8545.46,8875.28,435927500,30033422000
2026-03-10,8841321.WI,9055.02,9176.12,9006.84,9167.96,474365700,26543620400
2026-03-11,8841321.WI,9156.87,9177.75,8956.48,9003.13,331163200,24124950600
2026-03-12,8841321.WI,8963.02,9036.66,8728.01,8832.48,347097800,21996190500
2026-03-13,8841321.WI,8743.52,8901.18,8669.66,8695.40,288458600,19649775800
2026-03-16,8841321.WI,8700.53,8803.36,8492.84,8798.64,254540500,22159022900
2026-03-17,8841321.WI,8836.07,8839.46,8551.69,8551.81,233286000,18610710300
2026-03-18,8841321.WI,8635.42,8795.52,8626.16,8785.94,211743800,19247303200
2026-03-19,8841321.WI,8625.45,8676.01,8515.84,8551.14,191850300,16224699700
2026-03-20,8841321.WI,8621.63,8766.61,8526.02,8526.02,285042600,24246380600
2026-03-23,8841321.WI,8359.62,8433.97,8046.73,8093.35,294454400,24098459800
2026-03-24,8841321.WI,8238.82,8329.37,8047.66,8322.13,216419400,18171450200
2026-03-25,8841321.WI,8430.60,8639.73,8426.34,8564.54,252397500,22794593900
2026-03-26,8841321.WI,8519.72,8588.86,8384.68,8414.56,263662500,17457707200
2026-03-27,8841321.WI,8307.51,8659.50,8292.46,8597.90,209134100,17718027600
2026-03-30,8841321.WI,8485.38,8848.35,8473.08,8808.96,204683000,22981584600
2026-03-31,8841321.WI,8769.90,8801.59,8494.96,8497.55,180304200,19737849100
2026-04-01,8841321.WI,8722.52,8788.76,8606.74,8707.03,186540100,20406265700
2026-04-02,8841321.WI,8666.39,8674.49,8333.80,8409.20,176607600,17993405100
2026-04-03,8841321.WI,8460.28,8506.63,8364.29,8368.84,148295800,14141527500
2026-04-07,8841321.WI,8434.54,8533.91,8398.20,8439.03,142025000,14133005500
2026-04-08,8841321.WI,8733.44,9105.38,8733.44,9104.46,295448600,32652646900
2026-04-09,8841321.WI,8984.79,9304.91,8967.08,9230.78,296148400,30899172400
2026-04-10,8841321.WI,9379.51,9486.07,9350.96,9432.03,264636700,26208005900
2026-04-13,8841321.WI,9379.92,9476.64,9295.45,9342.32,256881100,23042186400
2026-04-14,8841321.WI,9433.34,9734.70,9419.94,9667.71,295525300,30355409600
2026-04-15,8841321.WI,9771.93,9771.93,9496.13,9526.74,340135000,30164802000
2026-04-16,8841321.WI,9553.97,9805.21,9474.36,9789.27,302788000,29756925200
2026-04-17,8841321.WI,9780.66,9861.14,9664.84,9841.64,316226100,31304167200
2026-04-20,8841321.WI,9813.31,9978.60,9677.97,9868.24,300414300,33146589900
2026-04-21,8841321.WI,9826.71,9876.15,9677.92,9843.21,267225100,28706174900
2026-04-22,8841321.WI,9808.91,10047.53,9795.84,10042.24,269112500,33280743800
2026-04-23,8841321.WI,10058.89,10102.42,9828.35,9950.55,468203700,34923502400
2026-04-24,8841321.WI,9972.51,10116.61,9893.77,9991.44,499057700,37061548400
2026-04-27,8841321.WI,10084.46,10653.65,9998.24,10558.81,537175900,55154557900
2026-04-28,8841321.WI,10414.41,10758.65,10334.12,10454.71,723182500,52978596900
2026-04-29,8841321.WI,10318.48,10479.59,10127.76,10461.87,567620100,38870961300
2026-04-30,8841321.WI,10469.07,10878.93,10395.23,10786.73,702889800,54498831600
2026-05-06,8841321.WI,11072.69,11343.35,10942.38,11003.40,321297900,51348589700
2026-05-07,8841321.WI,11115.76,11338.00,11021.09,11329.32,746566900,49652633800
2026-05-08,8841321.WI,11189.11,11401.41,11134.64,11269.99,891102800,52269541600
2026-05-11,8841321.WI,11477.71,12046.00,11435.94,11960.65,914424500,73354950000
2026-05-12,8841321.WI,11965.92,12509.71,11823.59,12482.27,1012528600,71282803500
2026-05-13,8841321.WI,12269.61,13091.62,12246.07,13025.62,873667700,71167578200
2026-05-14,8841321.WI,13093.98,13196.80,12686.10,12903.91,892126800,67356950300
2026-05-15,8841321.WI,12945.68,13737.50,12460.83,13297.39,983250400,92764409700
2026-05-18,8841321.WI,13201.04,13634.51,13093.01,13257.02,684201800,75094237800
2026-05-19,8841321.WI,13102.60,13778.00,12913.22,13766.46,680326600,71101493800
2026-05-20,8841321.WI,13740.92,14564.05,13740.92,14553.48,792042800,84603883600
2026-05-21,8841321.WI,14667.17,15062.34,13754.97,13808.62,873142000,109691892800
2026-05-22,8841321.WI,13960.60,14208.85,13592.60,14173.66,660267300,85828566400
2026-05-25,8841321.WI,14053.21,14858.77,13726.94,14630.88,662544100,94308813600
2026-05-26,8841321.WI,14490.76,14500.27,13799.74,14140.75,672551600,82021875800
2026-05-27,8841321.WI,14132.54,14315.43,13631.79,13709.39,555011500,74093725100
2026-05-28,8841321.WI,13621.86,14029.59,13481.48,13976.85,478181600,64737241500
2026-05-29,8841321.WI,14048.14,14083.67,13121.12,13238.09,510248500,67175946500
2026-06-01,8841321.WI,13225.48,13347.99,12751.33,12777.77,570733400,63109235600
2026-06-02,8841321.WI,12832.93,13081.75,12541.35,12895.47,443901000,55334866400
2026-06-03,8841321.WI,12970.73,13610.30,12970.73,13204.64,500646900,67788004100
2026-06-04,8841321.WI,13016.84,13748.54,13009.51,13715.14,416790300,60730398400
2026-06-05,8841321.WI,13473.27,13714.20,13220.89,13291.56,455781900,56076056100
2026-06-08,8841321.WI,12684.90,13240.73,12684.90,12939.96,415926200,51980602000
2026-06-09,8841321.WI,13245.91,13883.25,13095.88,13878.88,400594800,52741462400
2026-06-10,8841321.WI,13707.46,14135.36,13557.28,13878.05,514366200,63725506800
2026-06-11,8841321.WI,13842.81,14364.29,13842.81,14253.26,423480100,60645263700
2026-06-12,8841321.WI,14891.44,15062.65,13927.60,14001.52,527034500,83532496700
2026-06-15,8841321.WI,14099.91,14757.00,13756.99,14756.60,459164800,65580481900
2026-06-16,8841321.WI,14764.98,15143.53,14650.08,15042.11,469720600,61981115100
2026-06-17,8841321.WI,14845.96,15957.78,14838.61,15950.40,685570800,86933228400
2026-06-18,8841321.WI,15915.78,16535.60,15897.83,16468.53,754688800,79902481600
2026-06-22,8841321.WI,16660.57,16863.67,16185.86,16837.17,735610900,83328814800
2026-06-23,8841321.WI,16679.44,17190.73,16299.22,16816.67,658562400,89071519300
2026-06-24,8841321.WI,16555.70,18044.35,16555.70,17948.17,789085100,98851605000
2026-06-25,8841321.WI,18185.52,18446.66,17869.50,18399.29,865363700,93224041100
2026-06-26,8841321.WI,18247.15,18870.33,17953.51,18516.85,815183500,106580086700
2026-06-29,8841321.WI,18652.99,19619.66,18258.07,19579.20,765246300,106482754000
2026-06-30,8841321.WI,19592.46,20365.73,19491.97,20315.84,833317800,105463426000
2026-07-01,8841321.WI,20306.79,21188.00,19778.82,20187.68,789428400,111055048000
2026-07-02,8841321.WI,18963.26,19663.03,18442.73,18546.35,746541800,104780151000
2026-07-03,8841321.WI,18295.48,18910.28,17828.20,18436.08,642872000,93030357300
2026-07-06,8841321.WI,18677.33,18813.70,17503.19,18183.25,660065700,82305172100
2026-07-07,8841321.WI,17924.83,18918.62,17809.81,18540.99,658090200,73100439900
2026-07-08,8841321.WI,18629.32,19437.68,17861.80,18738.75,787136400,86069346200
2026-07-09,8841321.WI,19136.95,20209.75,18761.30,20186.12,912012900,102343291900
2026-07-10,8841321.WI,20233.83,20760.91,18865.63,18873.65,982642900,122806470700
2026-07-13,8841321.WI,18409.77,19161.18,17584.51,17706.79,762671800,113715023800
2026-07-14,8841321.WI,17665.06,18102.55,16867.19,17845.38,766504800,105943765900
2026-07-15,8841321.WI,18172.76,18235.14,16653.08,16759.76,577021900,84434505700
2026-07-16,8841321.WI,16365.75,16790.55,15489.85,15628.83,554747900,74510082800
2026-07-17,8841321.WI,15572.79,15628.42,14209.67,14261.68,659565000,86589847200
2026-07-20,8841321.WI,14699.69,14888.68,13010.08,13372.51,655573700,84971263400
2026-07-21,8841321.WI,13596.47,15245.28,12473.74,15237.47,761058400,95144322200
2026-07-22,8841321.WI,15130.80,15677.27,14742.67,14931.53,707092000,100957921300
2026-07-23,8841321.WI,15081.66,15115.37,14173.58,14351.69,456703100,66118108100
2026-07-24,8841321.WI,14102.03,14976.60,13982.08,14570.18,453480700,69612667900
2026-07-27,8841321.WI,14496.87,15072.17,14090.21,15070.25,470173800,69644440000
2026-07-28,8841321.WI,14829.43,15232.45,13885.80,14052.89,525646300,71088139200
2026-07-29,8841321.WI,14001.77,14211.81,12783.32,13632.60,647989300,79770084100
2026-07-30,8841321.WI,13448.95,13552.98,12235.62,12368.62,589917100,75001296600
2026-07-31,8841321.WI,13619.36,13859.27,12890.36,12896.40,627158200,77978999700
2026-08-03,8841321.WI,12699.72,12776.14,12007.20,12059.82,488708500,64913294500
2026-08-04,8841321.WI,12213.61,13086.60,12081.59,12977.74,517532400,64519590600
2026-08-05,8841321.WI,12958.58,14231.91,12943.92,14046.33,636280600,78831943300
2026-08-06,8841321.WI,13669.78,14759.46,13669.78,14462.18,580203000,67845477800
2026-08-07,8841321.WI,14464.16,15111.69,14338.68,14966.90,542196200,62702026200
2026-08-10,8841321.WI,15020.21,15453.76,14886.22,15287.27,477686900,63521689900
2026-08-11,8841321.WI,15058.29,15379.29,14762.56,14953.66,411852600,54793123300
2026-08-12,8841321.WI,15080.81,15528.32,15016.49,15425.69,393750700,52035505300
2026-08-13,8841321.WI,15692.78,15851.47,15185.55,15207.35,599114900,61943085900
2026-08-14,8841321.WI,15422.19,15463.21,15011.48,15340.53,428172400,45142520400
2026-08-17,8841321.WI,15372.23,16051.81,15344.80,16051.26,471604700,57724879800
2026-08-18,8841321.WI,16064.38,16508.69,15945.46,16474.11,548825200,62117403400
2026-08-19,8841321.WI,15847.16,16062.24,14995.50,15119.11,542160300,70146751300
2026-08-20,8841321.WI,15350.26,15546.54,14963.89,15175.77,384686900,53511954000
2026-08-21,8841321.WI,15109.36,15451.75,14893.99,15187.52,289299300,40538399300
2026-08-24,8841321.WI,15239.03,15298.58,14625.60,15033.82,363627500,48841073300
2026-08-25,8841321.WI,14741.16,14926.24,14190.70,14759.39,322130600,43548827400
2026-08-26,8841321.WI,14771.96,15036.88,14475.57,14898.56,306431900,43003333400
2026-08-27,8841321.WI,14988.89,15629.58,14851.21,15601.12,352935500,46412443300
2026-08-28,8841321.WI,15518.96,15762.06,15176.05,15181.09,328602700,39523438600
2026-08-31,8841321.WI,14873.79,15413.57,14807.05,15392.91,320457400,44146973900
2026-09-01,8841321.WI,15423.71,15439.42,14868.92,14894.76,317084700,46291322400
