Date,Open,High,Low,Close,Volume,Dividends,Stock Splits,thscode,thsname_cn,thsname_en,currency
2026-05-27T16:00:00.000Z,0.0599999987,0.0599999987,0.0599999987,0.0599999987,0,0.0,0.0,0171.HK,NA,NA,HKD
2026-05-28T16:00:00.000Z,0.0599999987,0.0599999987,0.0480000004,0.0500000007,1244000,0.0,0.0,0171.HK,NA,NA,HKD
2026-05-31T16:00:00.000Z,0.0560000017,0.0560000017,0.0399999991,0.0450000018,19036000,0.0,0.0,0171.HK,NA,NA,HKD
2026-06-01T16:00:00.000Z,0.0450000018,0.0489999987,0.0450000018,0.0489999987,278000,0.0,0.0,0171.HK,NA,NA,HKD
2026-06-02T16:00:00.000Z,0.0500000007,0.0500000007,0.0500000007,0.0500000007,0,0.0,0.0,0171.HK,NA,NA,HKD
2026-06-03T16:00:00.000Z,0.0500000007,0.0500000007,0.0500000007,0.0500000007,0,0.0,0.0,0171.HK,NA,NA,HKD
2026-06-04T16:00:00.000Z,0.0480000004,0.0520000011,0.0460000001,0.0520000011,300000,0.0,0.0,0171.HK,NA,NA,HKD
2026-06-07T16:00:00.000Z,0.0520000011,0.0520000011,0.0480000004,0.0520000011,22000,0.0,0.0,0171.HK,NA,NA,HKD
2026-06-08T16:00:00.000Z,0.0489999987,0.050999999,0.0460000001,0.050999999,1314000,0.0,0.0,0171.HK,NA,NA,HKD
2026-06-09T16:00:00.000Z,0.0480000004,0.0489999987,0.0469999984,0.0489999987,20000,0.0,0.0,0171.HK,NA,NA,HKD
2026-06-10T16:00:00.000Z,0.0489999987,0.0489999987,0.0480000004,0.0480000004,198000,0.0,0.0,0171.HK,NA,NA,HKD
2026-06-11T16:00:00.000Z,0.0480000004,0.0489999987,0.0460000001,0.0469999984,340000,0.0,0.0,0171.HK,NA,NA,HKD
2026-06-14T16:00:00.000Z,0.0460000001,0.0469999984,0.0450000018,0.0469999984,190000,0.0,0.0,0171.HK,NA,NA,HKD
2026-06-15T16:00:00.000Z,0.0450000018,0.0469999984,0.0379999988,0.0419999994,9516000,0.0,0.0,0171.HK,NA,NA,HKD
2026-06-16T16:00:00.000Z,0.0399999991,0.0419999994,0.0379999988,0.0419999994,210000,0.0,0.0,0171.HK,NA,NA,HKD
2026-06-17T16:00:00.000Z,0.0410000011,0.0410000011,0.0309999995,0.0379999988,18182000,0.0,0.0,0171.HK,NA,NA,HKD
2026-06-21T16:00:00.000Z,0.0379999988,0.0560000017,0.0370000005,0.0430000015,20148000,0.0,0.0,0171.HK,NA,NA,HKD
2026-06-22T16:00:00.000Z,0.0430000015,0.0460000001,0.0340000018,0.0340000018,12704000,0.0,0.0,0171.HK,NA,NA,HKD
2026-06-23T16:00:00.000Z,0.0329999998,0.0359999985,0.0329999998,0.0359999985,526000,0.0,0.0,0171.HK,NA,NA,HKD
2026-06-24T16:00:00.000Z,0.0340000018,0.0340000018,0.0299999993,0.0340000018,2562000,0.0,0.0,0171.HK,NA,NA,HKD
2026-06-25T16:00:00.000Z,0.0340000018,0.0340000018,0.0340000018,0.0340000018,0,0.0,0.0,0171.HK,NA,NA,HKD
2026-06-28T16:00:00.000Z,0.0340000018,0.0340000018,0.0309999995,0.0340000018,428000,0.0,0.0,0171.HK,NA,NA,HKD
2026-06-29T16:00:00.000Z,0.0340000018,0.0370000005,0.0320000015,0.0359999985,882000,0.0,0.0,0171.HK,NA,NA,HKD
2026-07-01T16:00:00.000Z,0.0359999985,0.0359999985,0.0359999985,0.0359999985,0,0.0,0.0,0171.HK,NA,NA,HKD
2026-07-02T16:00:00.000Z,0.0350000001,0.0350000001,0.0350000001,0.0350000001,0,0.0,0.0,0171.HK,NA,NA,HKD
2026-07-05T16:00:00.000Z,0.0329999998,0.0350000001,0.0320000015,0.0350000001,332000,0.0,0.0,0171.HK,NA,NA,HKD
2026-07-06T16:00:00.000Z,0.0340000018,0.0340000018,0.0340000018,0.0340000018,0,0.0,0.0,0171.HK,NA,NA,HKD
2026-07-07T16:00:00.000Z,0.0329999998,0.0340000018,0.0309999995,0.0340000018,104000,0.0,0.0,0171.HK,NA,NA,HKD
2026-07-08T16:00:00.000Z,0.0320000015,0.0340000018,0.0309999995,0.0340000018,38000,0.0,0.0,0171.HK,NA,NA,HKD
2026-07-09T16:00:00.000Z,0.0320000015,0.0340000018,0.0309999995,0.0340000018,122000,0.0,0.0,0171.HK,NA,NA,HKD
2026-07-12T16:00:00.000Z,0.0320000015,0.0370000005,0.0309999995,0.0370000005,46000,0.0,0.0,0171.HK,NA,NA,HKD
2026-07-13T16:00:00.000Z,0.0359999985,0.0359999985,0.0329999998,0.0359999985,76000,0.0,0.0,0171.HK,NA,NA,HKD
2026-07-14T16:00:00.000Z,0.0359999985,0.0359999985,0.0359999985,0.0359999985,0,0.0,0.0,0171.HK,NA,NA,HKD
2026-07-15T16:00:00.000Z,0.0320000015,0.0329999998,0.0309999995,0.0320000015,44000,0.0,0.0,0171.HK,NA,NA,HKD
2026-07-16T16:00:00.000Z,0.0320000015,0.0370000005,0.0309999995,0.0370000005,56000,0.0,0.0,0171.HK,NA,NA,HKD
2026-07-19T16:00:00.000Z,0.0359999985,0.0359999985,0.0359999985,0.0370000005,80000,0.0,0.0,0171.HK,NA,NA,HKD
2026-07-20T16:00:00.000Z,0.0370000005,0.0370000005,0.0370000005,0.0370000005,0,0.0,0.0,0171.HK,NA,NA,HKD
2026-07-21T16:00:00.000Z,0.0359999985,0.0359999985,0.0359999985,0.0359999985,30000,0.0,0.0,0171.HK,NA,NA,HKD
2026-07-22T16:00:00.000Z,0.0399999991,0.061999999,0.0399999991,0.0460000001,37726000,0.0,0.0,0171.HK,NA,NA,HKD
2026-07-23T16:00:00.000Z,0.0460000001,0.0489999987,0.0399999991,0.0419999994,8888000,0.0,0.0,0171.HK,NA,NA,HKD
2026-07-26T16:00:00.000Z,0.0399999991,0.0439999998,0.0379999988,0.0399999991,1398000,0.0,0.0,0171.HK,NA,NA,HKD
2026-07-27T16:00:00.000Z,0.0390000008,0.0399999991,0.0370000005,0.0399999991,654000,0.0,0.0,0171.HK,NA,NA,HKD
2026-07-28T16:00:00.000Z,0.0410000011,0.0410000011,0.0370000005,0.0379999988,188000,0.0,0.0,0171.HK,NA,NA,HKD
2026-07-29T16:00:00.000Z,0.0370000005,0.0419999994,0.0370000005,0.0419999994,620000,0.0,0.0,0171.HK,NA,NA,HKD
2026-07-30T16:00:00.000Z,0.0390000008,0.0439999998,0.0390000008,0.0410000011,342000,0.0,0.0,0171.HK,NA,NA,HKD
2026-08-02T16:00:00.000Z,0.0379999988,0.0439999998,0.0370000005,0.0439999998,374000,0.0,0.0,0171.HK,NA,NA,HKD
2026-08-03T16:00:00.000Z,0.0410000011,0.0430000015,0.0379999988,0.0430000015,810000,0.0,0.0,0171.HK,NA,NA,HKD
2026-08-04T16:00:00.000Z,0.0410000011,0.0460000001,0.0390000008,0.0460000001,368000,0.0,0.0,0171.HK,NA,NA,HKD
2026-08-05T16:00:00.000Z,0.0439999998,0.0439999998,0.0419999994,0.0419999994,464000,0.0,0.0,0171.HK,NA,NA,HKD
2026-08-06T16:00:00.000Z,0.0430000015,0.0430000015,0.0410000011,0.0430000015,90000,0.0,0.0,0171.HK,NA,NA,HKD
2026-08-09T16:00:00.000Z,0.0430000015,0.0430000015,0.0410000011,0.0419999994,190000,0.0,0.0,0171.HK,NA,NA,HKD
2026-08-10T16:00:00.000Z,0.0399999991,0.0410000011,0.0390000008,0.0410000011,42000,0.0,0.0,0171.HK,NA,NA,HKD
2026-08-11T16:00:00.000Z,0.0390000008,0.0390000008,0.0370000005,0.0390000008,316000,0.0,0.0,0171.HK,NA,NA,HKD
2026-08-12T16:00:00.000Z,0.0379999988,0.0450000018,0.0379999988,0.0450000018,280000,0.0,0.0,0171.HK,NA,NA,HKD
2026-08-13T16:00:00.000Z,0.0399999991,0.0430000015,0.0399999991,0.0430000015,16000,0.0,0.0,0171.HK,NA,NA,HKD
2026-08-16T16:00:00.000Z,0.0399999991,0.0410000011,0.0390000008,0.0410000011,210000,0.0,0.0,0171.HK,NA,NA,HKD
2026-08-17T16:00:00.000Z,0.0419999994,0.0419999994,0.0359999985,0.0399999991,442000,0.0,0.0,0171.HK,NA,NA,HKD
2026-08-18T16:00:00.000Z,0.0399999991,0.0419999994,0.0399999991,0.0419999994,18000,0.0,0.0,0171.HK,NA,NA,HKD
2026-08-19T16:00:00.000Z,0.0399999991,0.0419999994,0.0379999988,0.0419999994,130000,0.0,0.0,0171.HK,NA,NA,HKD
2026-08-20T16:00:00.000Z,0.0419999994,0.0419999994,0.0419999994,0.0419999994,0,0.0,0.0,0171.HK,NA,NA,HKD
2026-08-23T16:00:00.000Z,0.0390000008,0.0419999994,0.0379999988,0.0419999994,98000,0.0,0.0,0171.HK,NA,NA,HKD
2026-08-24T16:00:00.000Z,0.0419999994,0.0419999994,0.0419999994,0.0419999994,0,0.0,0.0,0171.HK,NA,NA,HKD
2026-08-25T16:00:00.000Z,0.0419999994,0.0419999994,0.0419999994,0.0419999994,0,0.0,0.0,0171.HK,NA,NA,HKD
2026-08-26T16:00:00.000Z,0.0419999994,0.0419999994,0.0379999988,0.0419999994,30000,0.0,0.0,0171.HK,NA,NA,HKD
2026-08-27T16:00:00.000Z,0.0419999994,0.0419999994,0.0419999994,0.0419999994,0,0.0,0.0,0171.HK,NA,NA,HKD
