open,high,low,close,volume,thscode,time,thsname_cn,thsname_en,currency
15.0,15.1,14.74,15.01,9472700.0,300171.SZ,20250820,东富龙,NA,CNY
15.03,15.86,14.88,15.59,29779700.0,300171.SZ,20250821,东富龙,NA,CNY
15.44,15.54,15.09,15.25,19565300.0,300171.SZ,20250822,东富龙,NA,CNY
15.21,15.45,15.06,15.15,16278400.0,300171.SZ,20250825,东富龙,NA,CNY
15.15,15.15,14.81,14.84,14703500.0,300171.SZ,20250826,东富龙,NA,CNY
14.87,15.06,14.46,14.47,17211700.0,300171.SZ,20250827,东富龙,NA,CNY
14.48,14.58,13.85,14.32,21548600.0,300171.SZ,20250828,东富龙,NA,CNY
14.23,14.35,14.17,14.31,10382500.0,300171.SZ,20250829,东富龙,NA,CNY
14.22,14.5,14.22,14.43,9101800.0,300171.SZ,20250901,东富龙,NA,CNY
14.47,14.47,13.91,14.04,10009700.0,300171.SZ,20250902,东富龙,NA,CNY
14.04,14.2,13.84,13.91,8553800.0,300171.SZ,20250903,东富龙,NA,CNY
13.91,14.12,13.58,13.76,11241900.0,300171.SZ,20250904,东富龙,NA,CNY
13.78,14.08,13.69,14.06,9240600.0,300171.SZ,20250905,东富龙,NA,CNY
14.03,14.66,14.03,14.55,14420100.0,300171.SZ,20250908,东富龙,NA,CNY
14.51,14.57,14.13,14.2,11697500.0,300171.SZ,20250909,东富龙,NA,CNY
14.19,14.4,14.14,14.25,6769100.0,300171.SZ,20250910,东富龙,NA,CNY
14.17,14.41,13.92,14.37,8357300.0,300171.SZ,20250911,东富龙,NA,CNY
14.37,14.43,14.15,14.19,7610700.0,300171.SZ,20250912,东富龙,NA,CNY
14.18,14.26,14.1,14.13,5199400.0,300171.SZ,20250915,东富龙,NA,CNY
14.28,14.66,14.02,14.44,9626500.0,300171.SZ,20250916,东富龙,NA,CNY
14.43,14.43,14.23,14.29,5815400.0,300171.SZ,20250917,东富龙,NA,CNY
14.32,14.82,14.25,14.43,18067500.0,300171.SZ,20250918,东富龙,NA,CNY
14.44,14.62,14.0,14.04,11463900.0,300171.SZ,20250919,东富龙,NA,CNY
14.05,14.26,13.89,13.98,6562100.0,300171.SZ,20250922,东富龙,NA,CNY
13.97,14.02,13.46,13.75,8775400.0,300171.SZ,20250923,东富龙,NA,CNY
13.75,14.07,13.69,14.05,6559600.0,300171.SZ,20250924,东富龙,NA,CNY
14.08,14.89,13.99,14.43,17690700.0,300171.SZ,20250925,东富龙,NA,CNY
14.4,14.55,14.06,14.29,12286200.0,300171.SZ,20250926,东富龙,NA,CNY
14.28,14.35,13.92,13.96,9119600.0,300171.SZ,20250929,东富龙,NA,CNY
13.97,14.23,13.96,14.15,5906600.0,300171.SZ,20250930,东富龙,NA,CNY
14.15,14.69,14.06,14.51,12105600.0,300171.SZ,20251009,东富龙,NA,CNY
14.36,14.8,14.36,14.64,11704300.0,300171.SZ,20251010,东富龙,NA,CNY
14.28,14.52,14.09,14.4,9298900.0,300171.SZ,20251013,东富龙,NA,CNY
14.4,14.6,14.2,14.27,8055000.0,300171.SZ,20251014,东富龙,NA,CNY
14.26,14.75,14.17,14.69,11077100.0,300171.SZ,20251015,东富龙,NA,CNY
14.63,14.85,14.56,14.71,8448200.0,300171.SZ,20251016,东富龙,NA,CNY
14.7,14.73,14.21,14.31,8933600.0,300171.SZ,20251017,东富龙,NA,CNY
14.4,14.65,14.35,14.64,8086900.0,300171.SZ,20251020,东富龙,NA,CNY
14.68,14.88,14.6,14.68,8380200.0,300171.SZ,20251021,东富龙,NA,CNY
14.64,14.85,14.55,14.84,8641800.0,300171.SZ,20251022,东富龙,NA,CNY
14.78,14.87,14.55,14.71,6027600.0,300171.SZ,20251023,东富龙,NA,CNY
14.7,14.87,14.62,14.8,6596800.0,300171.SZ,20251024,东富龙,NA,CNY
14.86,15.13,14.7,14.76,9651800.0,300171.SZ,20251027,东富龙,NA,CNY
15.1,16.55,15.1,16.07,47635400.0,300171.SZ,20251028,东富龙,NA,CNY
16.33,17.58,16.1,17.03,56783400.0,300171.SZ,20251029,东富龙,NA,CNY
16.73,17.06,16.59,16.73,28140400.0,300171.SZ,20251030,东富龙,NA,CNY
16.71,17.08,16.59,16.84,21953700.0,300171.SZ,20251031,东富龙,NA,CNY
17.03,17.87,16.72,17.87,42618000.0,300171.SZ,20251103,东富龙,NA,CNY
17.38,17.52,16.83,16.95,30688900.0,300171.SZ,20251104,东富龙,NA,CNY
16.77,17.05,16.66,16.83,17817800.0,300171.SZ,20251105,东富龙,NA,CNY
16.8,17.16,16.68,16.97,14811500.0,300171.SZ,20251106,东富龙,NA,CNY
16.98,16.98,16.74,16.84,10810700.0,300171.SZ,20251107,东富龙,NA,CNY
16.98,17.13,16.6,16.87,13735900.0,300171.SZ,20251110,东富龙,NA,CNY
16.79,16.79,16.5,16.55,11958500.0,300171.SZ,20251111,东富龙,NA,CNY
16.67,16.79,16.54,16.61,10113300.0,300171.SZ,20251112,东富龙,NA,CNY
16.77,17.05,16.47,16.9,12578000.0,300171.SZ,20251113,东富龙,NA,CNY
16.91,18.95,16.83,18.08,39849300.0,300171.SZ,20251114,东富龙,NA,CNY
18.18,18.3,17.66,17.74,24287300.0,300171.SZ,20251117,东富龙,NA,CNY
17.6,17.9,17.33,17.5,14663100.0,300171.SZ,20251118,东富龙,NA,CNY
17.61,17.72,16.57,16.78,19685400.0,300171.SZ,20251119,东富龙,NA,CNY
16.74,16.85,16.25,16.3,14906300.0,300171.SZ,20251120,东富龙,NA,CNY
16.14,16.41,15.59,15.62,14178300.0,300171.SZ,20251121,东富龙,NA,CNY
15.63,15.81,15.54,15.59,8798800.0,300171.SZ,20251124,东富龙,NA,CNY
15.74,15.99,15.64,15.65,9126200.0,300171.SZ,20251125,东富龙,NA,CNY
15.79,16.57,15.68,16.02,19744000.0,300171.SZ,20251126,东富龙,NA,CNY
16.02,16.02,15.72,15.77,10718000.0,300171.SZ,20251127,东富龙,NA,CNY
15.81,15.93,15.55,15.81,7935400.0,300171.SZ,20251128,东富龙,NA,CNY
15.96,16.0,15.69,15.71,8165600.0,300171.SZ,20251201,东富龙,NA,CNY
15.75,15.77,15.4,15.47,7563100.0,300171.SZ,20251202,东富龙,NA,CNY
15.46,15.57,15.34,15.49,6538200.0,300171.SZ,20251203,东富龙,NA,CNY
15.39,15.48,15.17,15.29,7123600.0,300171.SZ,20251204,东富龙,NA,CNY
15.29,15.55,15.13,15.51,6739900.0,300171.SZ,20251205,东富龙,NA,CNY
15.55,15.74,15.47,15.58,5922200.0,300171.SZ,20251208,东富龙,NA,CNY
15.51,15.62,15.35,15.36,5994700.0,300171.SZ,20251209,东富龙,NA,CNY
15.35,15.48,15.25,15.39,6221300.0,300171.SZ,20251210,东富龙,NA,CNY
15.4,15.46,15.21,15.21,5675900.0,300171.SZ,20251211,东富龙,NA,CNY
15.25,15.31,15.08,15.18,6227800.0,300171.SZ,20251212,东富龙,NA,CNY
15.22,15.3,15.07,15.23,5033100.0,300171.SZ,20251215,东富龙,NA,CNY
15.25,15.33,14.91,14.94,6317400.0,300171.SZ,20251216,东富龙,NA,CNY
14.94,15.07,14.8,15.02,4877400.0,300171.SZ,20251217,东富龙,NA,CNY
15.0,15.29,14.92,15.13,4798200.0,300171.SZ,20251218,东富龙,NA,CNY
15.14,15.36,15.14,15.27,5646000.0,300171.SZ,20251219,东富龙,NA,CNY
15.28,15.6,15.18,15.53,7681000.0,300171.SZ,20251222,东富龙,NA,CNY
15.41,15.63,15.34,15.39,6113600.0,300171.SZ,20251223,东富龙,NA,CNY
15.33,15.46,15.23,15.41,4642200.0,300171.SZ,20251224,东富龙,NA,CNY
15.39,16.09,15.35,16.04,11520200.0,300171.SZ,20251225,东富龙,NA,CNY
16.0,16.05,15.68,15.83,8166600.0,300171.SZ,20251226,东富龙,NA,CNY
15.78,15.96,15.63,15.82,6298400.0,300171.SZ,20251229,东富龙,NA,CNY
15.75,15.86,15.67,15.67,4619200.0,300171.SZ,20251230,东富龙,NA,CNY
15.67,15.77,15.49,15.59,5352900.0,300171.SZ,20251231,东富龙,NA,CNY
15.77,16.54,15.75,16.53,15443900.0,300171.SZ,20260105,东富龙,NA,CNY
16.5,16.74,16.23,16.6,13136700.0,300171.SZ,20260106,东富龙,NA,CNY
16.49,16.79,16.35,16.57,12529900.0,300171.SZ,20260107,东富龙,NA,CNY
16.57,17.03,16.47,16.91,13072400.0,300171.SZ,20260108,东富龙,NA,CNY
16.87,17.25,16.73,17.17,16946800.0,300171.SZ,20260109,东富龙,NA,CNY
17.18,17.96,16.98,17.86,21660200.0,300171.SZ,20260112,东富龙,NA,CNY
17.81,18.37,17.47,17.66,27264600.0,300171.SZ,20260113,东富龙,NA,CNY
17.63,18.43,17.52,17.86,27329100.0,300171.SZ,20260114,东富龙,NA,CNY
17.59,18.13,17.57,18.05,15362200.0,300171.SZ,20260115,东富龙,NA,CNY
18.5,20.23,17.61,17.64,44133800.0,300171.SZ,20260116,东富龙,NA,CNY
17.73,17.77,17.1,17.13,26344700.0,300171.SZ,20260119,东富龙,NA,CNY
17.23,17.43,16.89,17.15,13723500.0,300171.SZ,20260120,东富龙,NA,CNY
17.07,17.53,16.93,17.16,10921700.0,300171.SZ,20260121,东富龙,NA,CNY
17.14,17.48,17.05,17.23,9887500.0,300171.SZ,20260122,东富龙,NA,CNY
17.13,17.73,17.13,17.69,10706500.0,300171.SZ,20260123,东富龙,NA,CNY
17.79,18.27,17.45,17.48,15712700.0,300171.SZ,20260126,东富龙,NA,CNY
17.4,17.54,16.82,17.33,11722000.0,300171.SZ,20260127,东富龙,NA,CNY
17.27,17.32,16.62,16.69,11852600.0,300171.SZ,20260128,东富龙,NA,CNY
16.6,16.94,16.29,16.58,9538700.0,300171.SZ,20260129,东富龙,NA,CNY
16.48,16.63,15.99,16.35,9506000.0,300171.SZ,20260130,东富龙,NA,CNY
16.32,16.39,15.9,16.0,8179200.0,300171.SZ,20260202,东富龙,NA,CNY
16.11,16.29,16.06,16.21,7002500.0,300171.SZ,20260203,东富龙,NA,CNY
16.18,16.21,15.98,16.19,6995400.0,300171.SZ,20260204,东富龙,NA,CNY
16.09,16.27,15.95,15.97,5956800.0,300171.SZ,20260205,东富龙,NA,CNY
16.02,16.18,15.79,15.98,7966000.0,300171.SZ,20260206,东富龙,NA,CNY
16.13,16.24,16.01,16.15,6325200.0,300171.SZ,20260209,东富龙,NA,CNY
16.19,16.24,15.97,16.14,5312300.0,300171.SZ,20260210,东富龙,NA,CNY
16.15,16.3,16.09,16.24,7233800.0,300171.SZ,20260211,东富龙,NA,CNY
16.15,17.09,16.15,16.82,17008700.0,300171.SZ,20260212,东富龙,NA,CNY
16.85,17.06,16.59,16.61,8210300.0,300171.SZ,20260213,东富龙,NA,CNY
16.81,17.0,16.54,16.79,8284600.0,300171.SZ,20260224,东富龙,NA,CNY
16.86,17.68,16.74,17.34,14905000.0,300171.SZ,20260225,东富龙,NA,CNY
17.31,17.56,17.05,17.43,11729400.0,300171.SZ,20260226,东富龙,NA,CNY
17.33,17.72,17.3,17.69,9711000.0,300171.SZ,20260227,东富龙,NA,CNY
17.38,17.66,17.08,17.29,13232300.0,300171.SZ,20260302,东富龙,NA,CNY
17.23,17.46,16.45,16.59,12611200.0,300171.SZ,20260303,东富龙,NA,CNY
16.42,16.93,16.3,16.57,9068300.0,300171.SZ,20260304,东富龙,NA,CNY
16.86,16.93,16.28,16.4,9948400.0,300171.SZ,20260305,东富龙,NA,CNY
16.3,16.6,16.3,16.37,6374900.0,300171.SZ,20260306,东富龙,NA,CNY
16.18,16.19,15.3,15.64,13486300.0,300171.SZ,20260309,东富龙,NA,CNY
15.85,15.89,15.51,15.76,8190900.0,300171.SZ,20260310,东富龙,NA,CNY
15.81,15.92,15.6,15.63,7972800.0,300171.SZ,20260311,东富龙,NA,CNY
15.69,15.69,15.35,15.46,7341500.0,300171.SZ,20260312,东富龙,NA,CNY
15.39,15.57,15.31,15.33,6762700.0,300171.SZ,20260313,东富龙,NA,CNY
15.37,15.68,15.27,15.59,7925000.0,300171.SZ,20260316,东富龙,NA,CNY
15.64,16.28,15.63,15.69,11841700.0,300171.SZ,20260317,东富龙,NA,CNY
15.81,16.24,15.67,16.04,10420900.0,300171.SZ,20260318,东富龙,NA,CNY
15.89,15.92,14.9,14.98,15060300.0,300171.SZ,20260319,东富龙,NA,CNY
14.99,15.14,14.46,14.46,8623500.0,300171.SZ,20260320,东富龙,NA,CNY
14.29,14.29,13.39,13.53,12332400.0,300171.SZ,20260323,东富龙,NA,CNY
13.73,13.88,13.51,13.85,7915300.0,300171.SZ,20260324,东富龙,NA,CNY
13.96,14.08,13.81,13.92,6710200.0,300171.SZ,20260325,东富龙,NA,CNY
13.92,14.14,13.81,13.91,6418800.0,300171.SZ,20260326,东富龙,NA,CNY
13.78,14.44,13.71,14.36,8284400.0,300171.SZ,20260327,东富龙,NA,CNY
14.2,14.43,14.1,14.29,6531800.0,300171.SZ,20260330,东富龙,NA,CNY
14.4,14.62,14.16,14.18,5615500.0,300171.SZ,20260331,东富龙,NA,CNY
14.42,14.86,14.21,14.81,7568400.0,300171.SZ,20260401,东富龙,NA,CNY
14.75,14.8,14.4,14.59,7355600.0,300171.SZ,20260402,东富龙,NA,CNY
14.56,14.56,14.17,14.17,5022600.0,300171.SZ,20260403,东富龙,NA,CNY
14.23,14.5,14.1,14.33,4369800.0,300171.SZ,20260407,东富龙,NA,CNY
14.65,14.9,14.64,14.83,7046800.0,300171.SZ,20260408,东富龙,NA,CNY
14.71,14.86,14.48,14.51,5817600.0,300171.SZ,20260409,东富龙,NA,CNY
14.62,14.93,14.54,14.69,5822900.0,300171.SZ,20260410,东富龙,NA,CNY
14.62,14.68,14.42,14.48,4918300.0,300171.SZ,20260413,东富龙,NA,CNY
14.68,15.02,14.51,14.88,9282100.0,300171.SZ,20260414,东富龙,NA,CNY
15.02,15.05,14.69,14.78,5674800.0,300171.SZ,20260415,东富龙,NA,CNY
14.77,14.96,14.66,14.89,4997600.0,300171.SZ,20260416,东富龙,NA,CNY
14.84,14.89,14.62,14.75,4441200.0,300171.SZ,20260417,东富龙,NA,CNY
14.75,14.78,14.58,14.63,4157800.0,300171.SZ,20260420,东富龙,NA,CNY
14.62,14.67,14.4,14.51,4562600.0,300171.SZ,20260421,东富龙,NA,CNY
14.42,14.79,14.42,14.78,5075400.0,300171.SZ,20260422,东富龙,NA,CNY
14.75,14.95,13.98,14.04,13453800.0,300171.SZ,20260423,东富龙,NA,CNY
14.04,14.12,13.81,13.87,6232500.0,300171.SZ,20260424,东富龙,NA,CNY
14.02,14.09,13.87,14.05,5371400.0,300171.SZ,20260427,东富龙,NA,CNY
14.13,14.13,13.59,13.7,5949600.0,300171.SZ,20260428,东富龙,NA,CNY
13.41,13.41,12.81,13.1,17575000.0,300171.SZ,20260429,东富龙,NA,CNY
13.05,13.17,12.96,13.03,8913400.0,300171.SZ,20260430,东富龙,NA,CNY
13.11,13.16,13.02,13.07,10045600.0,300171.SZ,20260506,东富龙,NA,CNY
13.15,13.26,13.0,13.1,8013100.0,300171.SZ,20260507,东富龙,NA,CNY
13.05,13.23,12.99,13.2,7676300.0,300171.SZ,20260508,东富龙,NA,CNY
13.33,13.41,12.94,13.33,11939100.0,300171.SZ,20260511,东富龙,NA,CNY
13.33,13.33,12.91,12.96,9401600.0,300171.SZ,20260512,东富龙,NA,CNY
12.96,13.03,12.9,12.99,5759100.0,300171.SZ,20260513,东富龙,NA,CNY
12.99,12.99,12.63,12.68,8450800.0,300171.SZ,20260514,东富龙,NA,CNY
12.66,12.81,12.53,12.59,6304700.0,300171.SZ,20260515,东富龙,NA,CNY
12.53,12.62,12.4,12.48,6036600.0,300171.SZ,20260518,东富龙,NA,CNY
12.46,12.66,12.43,12.6,5821100.0,300171.SZ,20260519,东富龙,NA,CNY
12.57,12.58,12.28,12.35,6407400.0,300171.SZ,20260520,东富龙,NA,CNY
12.38,12.6,12.1,12.13,8976100.0,300171.SZ,20260521,东富龙,NA,CNY
12.24,12.29,11.99,12.12,6715800.0,300171.SZ,20260522,东富龙,NA,CNY
12.15,12.27,12.0,12.08,6998800.0,300171.SZ,20260525,东富龙,NA,CNY
12.1,12.1,11.72,11.94,6812700.0,300171.SZ,20260526,东富龙,NA,CNY
11.94,12.16,11.72,11.79,6668100.0,300171.SZ,20260527,东富龙,NA,CNY
11.84,11.86,11.44,11.68,7533600.0,300171.SZ,20260528,东富龙,NA,CNY
11.68,11.87,11.62,11.7,6943900.0,300171.SZ,20260529,东富龙,NA,CNY
11.8,11.85,11.65,11.84,8333000.0,300171.SZ,20260601,东富龙,NA,CNY
11.75,11.95,11.67,11.67,7691000.0,300171.SZ,20260602,东富龙,NA,CNY
11.69,11.73,11.35,11.35,8896400.0,300171.SZ,20260603,东富龙,NA,CNY
11.33,11.37,11.06,11.17,7479500.0,300171.SZ,20260604,东富龙,NA,CNY
11.17,11.47,11.04,11.33,8143600.0,300171.SZ,20260605,东富龙,NA,CNY
11.16,11.3,10.74,10.93,7771700.0,300171.SZ,20260608,东富龙,NA,CNY
11.02,11.08,10.82,10.93,5245900.0,300171.SZ,20260609,东富龙,NA,CNY
10.96,11.07,10.76,10.97,4852200.0,300171.SZ,20260610,东富龙,NA,CNY
10.98,10.98,10.73,10.77,5661400.0,300171.SZ,20260611,东富龙,NA,CNY
10.95,11.18,10.8,11.11,6552000.0,300171.SZ,20260612,东富龙,NA,CNY
11.13,11.8,11.12,11.48,12009600.0,300171.SZ,20260615,东富龙,NA,CNY
11.48,11.49,11.12,11.33,7694500.0,300171.SZ,20260616,东富龙,NA,CNY
11.34,11.65,11.19,11.45,6701600.0,300171.SZ,20260617,东富龙,NA,CNY
11.4,11.58,11.23,11.33,6498700.0,300171.SZ,20260618,东富龙,NA,CNY
11.22,11.32,10.87,11.31,7199100.0,300171.SZ,20260622,东富龙,NA,CNY
11.35,11.67,11.3,11.41,9421100.0,300171.SZ,20260623,东富龙,NA,CNY
11.5,11.68,11.24,11.28,9682500.0,300171.SZ,20260624,东富龙,NA,CNY
11.2,11.32,10.86,11.25,8872700.0,300171.SZ,20260625,东富龙,NA,CNY
11.19,11.27,10.76,10.77,7044600.0,300171.SZ,20260626,东富龙,NA,CNY
10.78,11.41,10.42,11.26,11709300.0,300171.SZ,20260629,东富龙,NA,CNY
11.19,11.26,10.93,11.06,7098300.0,300171.SZ,20260630,东富龙,NA,CNY
11.12,11.95,10.95,11.73,14852200.0,300171.SZ,20260701,东富龙,NA,CNY
11.85,11.95,11.56,11.65,12290600.0,300171.SZ,20260702,东富龙,NA,CNY
11.9,12.05,11.56,11.81,11892700.0,300171.SZ,20260703,东富龙,NA,CNY
11.88,12.01,11.67,11.82,12189600.0,300171.SZ,20260706,东富龙,NA,CNY
11.82,11.82,11.39,11.47,7914600.0,300171.SZ,20260707,东富龙,NA,CNY
11.46,11.69,11.19,11.35,8115200.0,300171.SZ,20260708,东富龙,NA,CNY
11.32,11.48,11.03,11.16,8620400.0,300171.SZ,20260709,东富龙,NA,CNY
11.08,12.04,10.98,11.68,14589100.0,300171.SZ,20260710,东富龙,NA,CNY
11.69,12.05,11.6,11.71,13669900.0,300171.SZ,20260713,东富龙,NA,CNY
11.74,12.23,11.64,12.07,15673000.0,300171.SZ,20260714,东富龙,NA,CNY
11.99,12.71,11.9,12.43,20745200.0,300171.SZ,20260715,东富龙,NA,CNY
12.4,12.58,12.11,12.5,16171000.0,300171.SZ,20260716,东富龙,NA,CNY
12.4,12.4,11.66,11.68,16537000.0,300171.SZ,20260717,东富龙,NA,CNY
11.63,12.04,11.57,11.95,13177800.0,300171.SZ,20260720,东富龙,NA,CNY
11.88,11.99,11.63,11.93,12140500.0,300171.SZ,20260721,东富龙,NA,CNY
11.9,12.09,11.59,11.7,11965200.0,300171.SZ,20260722,东富龙,NA,CNY
11.6,11.84,11.42,11.8,9977500.0,300171.SZ,20260723,东富龙,NA,CNY
11.68,12.25,11.64,11.76,13684700.0,300171.SZ,20260724,东富龙,NA,CNY
11.64,12.2,11.6,12.18,13288300.0,300171.SZ,20260727,东富龙,NA,CNY
12.07,12.13,11.85,11.91,10059900.0,300171.SZ,20260728,东富龙,NA,CNY
12.0,12.32,11.95,12.17,10838200.0,300171.SZ,20260729,东富龙,NA,CNY
12.12,12.27,11.86,12.1,11475300.0,300171.SZ,20260730,东富龙,NA,CNY
12.01,12.34,11.98,12.18,11225100.0,300171.SZ,20260731,东富龙,NA,CNY
12.15,12.26,12.1,12.22,7544900.0,300171.SZ,20260803,东富龙,NA,CNY
12.3,12.85,12.28,12.75,17503800.0,300171.SZ,20260804,东富龙,NA,CNY
12.73,12.83,12.46,12.52,12238500.0,300171.SZ,20260805,东富龙,NA,CNY
12.51,12.78,12.18,12.23,14132700.0,300171.SZ,20260806,东富龙,NA,CNY
12.19,12.88,12.0,12.86,19910200.0,300171.SZ,20260807,东富龙,NA,CNY
12.98,13.28,12.9,13.12,19053600.0,300171.SZ,20260810,东富龙,NA,CNY
13.0,14.31,12.96,13.79,34720300.0,300171.SZ,20260811,东富龙,NA,CNY
13.74,14.8,13.62,13.97,29511500.0,300171.SZ,20260812,东富龙,NA,CNY
13.97,14.47,13.75,14.02,25149500.0,300171.SZ,20260813,东富龙,NA,CNY
14.15,14.88,13.9,14.48,30459000.0,300171.SZ,20260814,东富龙,NA,CNY
14.42,14.42,13.55,14.08,24884600.0,300171.SZ,20260817,东富龙,NA,CNY
13.96,14.08,13.64,13.68,15563100.0,300171.SZ,20260818,东富龙,NA,CNY
13.6,13.87,13.23,13.31,14302400.0,300171.SZ,20260819,东富龙,NA,CNY
14.8,15.88,14.15,14.9,53879700.0,300171.SZ,20260820,东富龙,NA,CNY
