Date,Open,High,Low,Close,Volume
2025-02-20,4.63,4.63,4.5,4.51,7289500.0
2025-02-21,4.53,4.53,4.4,4.41,9327000.0
2025-02-24,4.44,4.56,4.37,4.43,7938600.0
2025-02-25,4.41,4.42,4.33,4.36,7165900.0
2025-02-26,4.38,4.39,4.23,4.26,10394000.0
2025-02-27,4.28,4.42,4.25,4.34,9774800.0
2025-02-28,4.28,4.55,4.21,4.47,15304300.0
2025-03-03,4.49,5.15,4.49,4.87,24594500.0
2025-03-04,4.78,4.95,4.69,4.78,12672600.0
2025-03-05,4.81,4.89,4.66,4.72,8453900.0
2025-03-06,4.78,4.84,4.69,4.73,8870000.0
2025-03-07,4.7,4.79,4.67,4.73,5868500.0
2025-03-10,4.73,4.85,4.71,4.82,7001200.0
2025-03-11,4.79,4.87,4.75,4.84,5967300.0
2025-03-12,4.9,5.09,4.9,5.0,15960600.0
2025-03-13,5.06,5.06,4.93,5.01,10004500.0
2025-03-14,4.98,5.06,4.97,5.03,8118800.0
2025-03-17,5.1,5.5,5.1,5.34,17330800.0
2025-03-18,5.34,5.35,5.1,5.23,10000600.0
2025-03-19,5.22,5.38,5.19,5.23,4969200.0
2025-03-20,5.23,5.26,5.13,5.17,6829700.0
2025-03-21,5.25,5.25,5.04,5.06,6567200.0
2025-03-24,5.02,5.03,4.85,4.95,7836800.0
2025-03-25,5.03,5.1,4.91,5.02,6709300.0
2025-03-26,4.97,5.13,4.97,5.06,6293100.0
2025-03-27,5.06,5.17,5.05,5.11,5791400.0
2025-03-28,5.11,5.15,5.01,5.02,4210900.0
2025-03-31,5.02,5.09,4.92,4.96,5070100.0
2025-04-01,4.95,4.99,4.9,4.92,3211900.0
2025-04-02,4.96,4.98,4.82,4.88,6283500.0
2025-04-03,4.83,4.97,4.83,4.94,4584000.0
2025-04-07,4.52,4.77,3.96,4.0,14788100.0
2025-04-08,4.13,4.32,4.02,4.16,8879900.0
2025-04-09,4.11,4.43,3.89,4.28,9217100.0
2025-04-10,4.34,4.53,4.34,4.47,8525700.0
2025-04-11,4.46,4.67,4.41,4.57,8180600.0
2025-04-14,4.65,4.77,4.59,4.73,9561000.0
2025-04-15,4.79,5.08,4.77,5.07,14681500.0
2025-04-16,5.1,5.35,5.0,5.26,20683100.0
2025-04-17,5.27,5.5,5.18,5.21,17817200.0
2025-04-18,5.23,5.29,4.93,5.05,19720300.0
2025-04-21,5.08,5.22,5.05,5.16,10554600.0
2025-04-22,5.12,5.34,5.12,5.32,11051500.0
2025-04-23,5.31,5.35,5.18,5.28,11220100.0
2025-04-24,5.2,5.2,4.88,5.06,18579100.0
2025-04-25,5.03,5.26,5.03,5.1,11326800.0
2025-04-28,5.14,5.19,4.9,4.93,13170500.0
2025-04-29,4.96,5.0,4.83,4.91,12268300.0
2025-04-30,4.99,5.14,4.93,5.12,12614500.0
2025-05-06,5.15,5.2,5.03,5.17,13776800.0
2025-05-07,5.2,5.23,5.09,5.17,9763300.0
2025-05-08,5.06,5.18,4.99,5.13,11163700.0
2025-05-09,5.08,5.33,5.04,5.27,16315500.0
2025-05-13,5.53,6.3,5.51,6.0,101406500.0
2025-05-14,5.65,6.86,5.62,6.6,114732700.0
2025-05-15,6.38,7.0,6.2,6.46,101916800.0
2025-05-16,6.3,6.46,6.11,6.12,66742300.0
2025-05-19,5.92,6.03,5.71,5.9,52737700.0
2025-05-20,5.83,6.09,5.62,5.94,51320600.0
2025-05-21,5.83,5.91,5.67,5.77,37703500.0
2025-05-22,5.75,5.87,5.56,5.59,24424300.0
2025-05-23,5.69,5.7,5.5,5.5,20751300.0
2025-05-26,5.45,5.73,5.44,5.58,21579600.0
2025-05-27,5.55,5.72,5.38,5.72,33653300.0
2025-05-28,5.85,6.01,5.72,5.73,42080200.0
2025-05-29,5.72,5.86,5.55,5.78,29236700.0
2025-05-30,5.78,5.78,5.56,5.58,20852900.0
2025-06-03,5.52,5.62,5.47,5.51,16603600.0
2025-06-04,5.51,5.63,5.47,5.58,14346800.0
2025-06-05,5.53,5.62,5.49,5.52,16348900.0
2025-06-06,5.58,5.62,5.46,5.49,14461200.0
2025-06-09,5.49,5.71,5.48,5.63,23409600.0
2025-06-10,5.61,5.69,5.44,5.52,21526000.0
2025-06-11,5.58,5.64,5.47,5.53,16020900.0
2025-06-12,5.5,5.53,5.42,5.42,14443000.0
2025-06-13,5.38,5.44,5.3,5.32,15940800.0
2025-06-16,5.3,5.4,5.29,5.35,9640300.0
2025-06-17,5.33,5.59,5.29,5.43,21468000.0
2025-06-18,5.4,5.46,5.33,5.34,11012500.0
2025-06-19,5.32,5.37,5.16,5.18,13839800.0
2025-06-20,5.21,5.24,5.09,5.09,11149900.0
2025-06-23,5.09,5.19,5.02,5.17,11003500.0
2025-06-24,5.18,5.28,5.16,5.23,8978900.0
2025-06-25,5.26,5.31,5.17,5.27,12254700.0
2025-06-26,5.27,5.37,5.23,5.24,14571000.0
2025-06-27,5.21,5.37,5.21,5.34,16503600.0
2025-06-30,5.35,5.44,5.31,5.42,15085200.0
2025-07-01,5.41,5.44,5.25,5.29,15631700.0
2025-07-02,5.28,5.57,5.23,5.48,26164000.0
2025-07-03,5.43,5.43,5.33,5.36,16720400.0
2025-07-04,5.35,5.38,5.3,5.3,10158500.0
2025-07-07,5.31,5.43,5.26,5.39,10429500.0
2025-07-08,5.39,5.5,5.37,5.48,13676800.0
2025-07-09,5.46,5.54,5.45,5.49,11566900.0
2025-07-10,5.45,5.68,5.44,5.58,20625000.0
2025-07-11,5.55,5.57,5.46,5.53,15160500.0
2025-07-14,5.52,5.54,5.4,5.46,10434300.0
2025-07-15,5.45,5.46,5.32,5.39,10961900.0
2025-07-16,5.38,5.45,5.37,5.41,8889000.0
2025-07-17,5.41,5.5,5.39,5.46,12809000.0
2025-07-18,5.46,5.46,5.38,5.39,8488900.0
2025-07-21,5.37,5.46,5.36,5.39,12193400.0
2025-07-22,5.37,5.38,5.28,5.29,12975900.0
2025-07-23,5.32,5.32,5.18,5.2,11447600.0
2025-07-24,5.2,5.28,5.18,5.27,8541800.0
2025-07-25,5.28,5.35,5.27,5.3,8145400.0
2025-07-28,5.25,5.3,5.2,5.28,10903600.0
2025-07-29,5.27,5.35,5.21,5.33,15325100.0
2025-07-30,5.29,5.36,5.24,5.3,11751900.0
2025-07-31,5.31,5.46,5.23,5.33,15622300.0
2025-08-01,5.34,5.37,5.24,5.33,10450200.0
2025-08-04,5.3,5.45,5.24,5.41,13244800.0
2025-08-05,5.41,5.46,5.34,5.35,11248300.0
2025-08-06,5.35,5.35,5.28,5.29,9075000.0
2025-08-07,5.29,5.42,5.27,5.29,9945300.0
2025-08-08,5.27,5.3,5.23,5.25,8044200.0
2025-08-11,5.25,5.34,5.24,5.29,9852800.0
2025-08-12,5.29,5.32,5.24,5.25,8705400.0
2025-08-13,5.25,5.27,5.2,5.21,9704300.0
2025-08-14,5.21,5.23,5.11,5.12,11815600.0
2025-08-15,5.12,5.16,5.07,5.16,9741500.0
2025-08-18,5.15,5.21,5.13,5.17,12584300.0
2025-08-19,5.17,5.28,5.15,5.27,15444200.0
2025-08-20,5.27,5.35,5.21,5.35,17258400.0
2025-08-21,5.37,5.42,5.32,5.37,18111200.0
2025-08-22,5.37,5.38,5.27,5.31,13422500.0
2025-08-25,5.3,5.34,5.26,5.29,14045000.0
2025-08-26,5.3,5.39,5.25,5.38,19903600.0
2025-08-27,5.36,5.45,5.19,5.2,20063100.0
2025-08-28,5.25,5.37,5.08,5.24,19736300.0
2025-08-29,5.22,5.23,5.1,5.11,14701200.0
2025-09-01,5.14,5.34,5.12,5.26,17963700.0
2025-09-02,5.24,5.5,5.15,5.31,36413200.0
2025-09-03,5.3,5.46,5.22,5.24,29417700.0
2025-09-04,5.24,5.31,5.1,5.18,21665500.0
2025-09-05,5.18,5.28,5.08,5.22,17922100.0
2025-09-08,5.21,5.28,5.16,5.21,12680700.0
2025-09-09,5.2,5.21,5.1,5.13,12050500.0
2025-09-10,5.13,5.23,5.12,5.18,11366700.0
2025-09-11,5.17,5.21,5.1,5.21,12625100.0
2025-09-12,5.2,5.23,5.09,5.11,25542700.0
2025-09-15,5.1,6.13,5.09,6.13,105646200.0
2025-09-16,6.43,6.92,6.03,6.54,128237700.0
2025-09-17,6.53,6.85,6.28,6.42,88196800.0
2025-09-18,6.45,6.48,6.06,6.1,62231600.0
2025-09-19,6.21,6.84,6.21,6.39,79871400.0
2025-09-22,6.35,6.39,6.04,6.13,52477300.0
2025-09-23,6.16,6.25,5.67,5.87,43038000.0
2025-09-24,5.85,5.92,5.77,5.86,24138500.0
2025-09-25,5.87,6.69,5.8,6.44,77797800.0
2025-09-26,6.33,7.44,6.26,7.0,89765900.0
2025-09-29,7.11,7.26,6.78,6.93,66973100.0
2025-09-30,6.24,6.9,5.97,6.62,91373300.0
2025-10-09,6.73,7.2,6.41,6.8,94610900.0
2025-10-10,6.76,6.94,6.5,6.83,60458000.0
2025-10-13,6.79,7.31,6.61,7.02,73071800.0
2025-10-14,7.0,7.09,6.57,6.61,50764300.0
2025-10-15,6.7,6.79,6.46,6.49,32671300.0
2025-10-16,6.52,6.63,6.34,6.36,32943500.0
2025-10-17,6.4,6.41,6.13,6.15,23899500.0
2025-10-20,6.17,6.35,6.09,6.2,21390400.0
2025-10-21,6.21,6.25,6.08,6.09,21823300.0
2025-10-22,6.1,6.13,5.86,5.95,26220900.0
2025-10-23,5.94,5.98,5.77,5.9,19125800.0
2025-10-24,5.9,6.24,5.88,6.1,30108500.0
2025-10-27,6.3,6.44,6.12,6.17,26078200.0
2025-10-28,6.12,6.23,6.06,6.16,16915500.0
2025-10-29,6.13,6.37,6.07,6.25,25743400.0
2025-10-30,6.2,6.27,6.02,6.02,21044500.0
2025-10-31,6.01,6.49,5.99,6.3,46497000.0
2025-11-03,6.28,6.34,6.13,6.28,23046000.0
2025-11-04,6.28,6.3,6.1,6.15,18573700.0
2025-11-05,6.1,6.2,6.08,6.17,11505800.0
2025-11-06,6.14,6.2,6.0,6.03,17169100.0
2025-11-07,6.01,6.1,5.92,5.92,15551400.0
2025-11-10,5.96,6.0,5.84,5.9,14577000.0
2025-11-11,5.9,5.92,5.82,5.89,12386200.0
2025-11-12,5.91,5.95,5.78,5.85,13394200.0
2025-11-13,5.87,5.87,5.8,5.84,10941000.0
2025-11-14,5.81,5.9,5.75,5.78,13988700.0
2025-11-17,5.76,5.79,5.66,5.78,16664100.0
2025-11-18,5.75,5.76,5.64,5.69,10753700.0
2025-11-19,5.7,6.06,5.67,5.83,29805400.0
2025-11-20,5.75,5.84,5.56,5.57,15376800.0
2025-11-21,5.51,5.65,5.33,5.35,13742200.0
2025-11-24,5.37,5.57,5.31,5.52,12228000.0
2025-11-25,5.52,5.58,5.47,5.49,9922400.0
2025-11-26,5.5,5.68,5.45,5.48,10807600.0
2025-11-27,5.46,5.6,5.43,5.47,10540900.0
2025-11-28,5.46,5.52,5.37,5.5,9410700.0
2025-12-01,5.5,5.58,5.49,5.53,7785500.0
2025-12-02,5.5,5.57,5.45,5.56,10121900.0
2025-12-03,5.56,5.58,5.38,5.4,10506200.0
2025-12-04,5.4,5.42,5.27,5.33,7738300.0
2025-12-05,5.37,5.52,5.32,5.44,11110400.0
2025-12-08,5.44,5.56,5.44,5.51,9938400.0
2025-12-09,5.56,6.48,5.52,6.19,63893500.0
2025-12-10,6.14,6.14,5.9,5.97,34826400.0
2025-12-11,5.9,6.29,5.78,6.15,42945100.0
2025-12-12,6.03,6.17,5.93,6.01,24520600.0
2025-12-15,5.96,6.22,5.91,5.93,22241900.0
2025-12-16,5.92,6.2,5.82,5.97,20906600.0
2025-12-17,5.9,5.95,5.6,5.74,22253000.0
2025-12-18,5.7,5.8,5.66,5.67,15206900.0
2025-12-19,5.68,5.84,5.61,5.71,16619100.0
2025-12-22,5.68,5.75,5.65,5.67,11264600.0
2025-12-23,5.74,5.84,5.61,5.8,23310000.0
2025-12-24,5.83,5.88,5.68,5.73,18269400.0
2025-12-25,5.71,5.86,5.68,5.79,16022000.0
2025-12-26,5.75,5.77,5.65,5.68,14762200.0
2025-12-29,5.65,5.67,5.52,5.52,13857300.0
2025-12-30,5.5,5.56,5.44,5.46,9947300.0
2025-12-31,5.49,5.51,5.39,5.45,10207500.0
2026-01-05,5.49,5.57,5.46,5.53,11690600.0
2026-01-06,5.55,5.64,5.51,5.62,12510100.0
2026-01-07,5.62,5.62,5.45,5.46,14932400.0
2026-01-08,5.43,5.51,5.4,5.49,10890000.0
2026-01-09,5.43,5.75,5.36,5.63,30967500.0
2026-01-12,5.6,5.62,5.54,5.61,22638300.0
2026-01-13,5.59,5.9,5.52,5.73,36461700.0
2026-01-14,5.69,6.03,5.65,5.99,48087400.0
2026-01-15,5.88,5.9,5.68,5.69,26297500.0
2026-01-16,5.67,5.88,5.56,5.77,20541900.0
2026-01-19,5.72,5.72,5.6,5.63,14664900.0
2026-01-20,5.62,5.66,5.49,5.54,14128900.0
2026-01-21,5.5,5.9,5.48,5.88,28042100.0
2026-01-22,5.88,6.17,5.82,6.12,45314900.0
2026-01-23,6.1,6.35,6.06,6.26,38781300.0
2026-01-26,6.42,7.27,6.42,7.23,91275300.0
2026-01-27,7.61,8.23,6.91,7.26,92883200.0
2026-01-28,7.04,7.26,6.84,7.12,50015700.0
2026-01-29,7.17,7.68,7.12,7.26,59482700.0
2026-01-30,7.22,7.65,7.05,7.56,49861300.0
2026-02-02,7.39,7.39,6.86,6.88,44264100.0
2026-02-03,6.9,7.25,6.84,7.17,30542500.0
2026-02-04,6.91,7.06,6.69,6.89,40112400.0
2026-02-05,6.28,7.45,5.9,7.06,128175700.0
2026-02-06,7.19,7.53,7.03,7.37,84538300.0
2026-02-09,7.65,8.54,7.65,8.33,98750900.0
2026-02-10,8.43,8.55,8.13,8.29,75056300.0
2026-02-11,8.22,8.29,7.96,8.0,44616100.0
2026-02-12,7.99,8.0,7.64,7.68,39287600.0
2026-02-13,7.8,8.12,7.53,7.62,68859200.0
2026-02-24,7.79,8.08,7.65,8.02,46265100.0
2026-02-25,8.0,8.17,7.88,8.1,28878000.0
2026-02-26,8.1,8.21,7.82,7.96,33573700.0
2026-02-27,8.01,8.29,7.86,8.14,33061900.0
2026-03-02,7.93,8.04,7.73,7.75,32981600.0
2026-03-03,7.7,7.75,7.08,7.14,37903400.0
2026-03-04,6.98,7.53,6.96,7.49,35608100.0
2026-03-05,7.57,7.88,7.57,7.74,24837900.0
2026-03-06,7.86,8.86,7.86,8.71,73572600.0
2026-03-09,8.91,9.19,8.54,8.85,62342600.0
2026-03-10,8.85,9.48,8.83,9.22,46100800.0
2026-03-11,9.22,9.45,9.1,9.25,36476100.0
2026-03-12,9.21,9.54,9.05,9.36,33057300.0
2026-03-13,9.55,9.73,9.16,9.28,39165500.0
2026-03-16,9.59,11.14,9.17,11.14,132324400.0
2026-03-17,11.29,11.8,9.92,10.4,134263200.0
2026-03-18,10.57,11.5,9.76,11.01,110491500.0
2026-03-19,10.73,11.37,10.55,11.01,78005400.0
2026-03-20,11.2,11.35,10.17,10.39,75448900.0
2026-03-23,10.1,10.88,9.81,10.38,74904900.0
2026-03-24,10.69,10.77,10.02,10.52,65372000.0
2026-03-25,10.55,10.73,10.37,10.51,42082900.0
2026-03-26,10.58,10.67,9.8,10.18,69083600.0
2026-03-27,10.32,11.11,10.17,10.21,94024100.0
2026-03-30,10.06,11.22,9.97,10.92,109532200.0
2026-03-31,11.5,11.53,9.99,10.0,100130700.0
2026-04-01,10.2,10.77,9.82,10.25,73627900.0
2026-04-02,10.29,10.38,9.26,9.37,89126400.0
2026-04-03,9.2,9.54,8.73,9.25,57055400.0
2026-04-07,9.6,10.1,9.05,9.74,78595100.0
2026-04-08,10.66,11.69,10.3,11.69,75031000.0
2026-04-09,12.13,12.5,11.42,11.9,162007400.0
2026-04-10,11.78,12.05,11.5,11.54,104668800.0
2026-04-13,11.76,12.95,11.76,12.5,144668400.0
2026-04-14,13.42,13.49,12.35,12.49,130028500.0
2026-04-15,12.56,13.1,12.18,12.65,107778800.0
2026-04-16,12.36,14.4,12.36,13.58,175711600.0
2026-04-17,13.51,14.19,13.4,13.69,115707900.0
2026-04-20,13.37,13.7,12.9,13.34,94031200.0
2026-04-21,13.2,13.29,12.5,12.83,71827700.0
2026-04-22,12.65,14.13,12.2,13.78,131225700.0
2026-04-23,13.48,14.05,13.02,13.18,90132400.0
2026-04-24,12.95,13.47,12.61,13.18,72991400.0
2026-04-27,13.01,13.58,12.66,13.2,76823300.0
2026-04-28,13.55,14.2,13.1,14.19,107610300.0
2026-04-29,14.0,17.03,14.0,17.03,190500100.0
2026-04-30,16.63,17.5,16.36,17.47,141942100.0
2026-05-06,18.0,20.96,17.77,20.9,141428100.0
2026-05-07,21.19,24.88,20.7,22.62,169209900.0
2026-05-08,23.01,24.3,22.2,23.24,119423100.0
2026-05-11,22.99,23.88,22.53,23.2,120182100.0
2026-05-12,23.71,26.49,23.7,25.92,141018000.0
2026-05-13,25.16,26.18,24.28,25.57,121205400.0
2026-05-14,25.57,26.67,24.72,26.35,119316900.0
2026-05-15,26.2,27.75,25.08,26.0,127488400.0
2026-05-18,26.01,27.46,25.68,26.95,98483800.0
2026-05-19,26.75,28.21,26.5,27.97,89390600.0
2026-05-20,28.03,28.8,27.15,28.31,80895000.0
2026-05-21,29.0,29.2,27.18,27.72,99335600.0
2026-05-22,28.24,30.9,28.03,30.9,117701500.0
2026-05-25,31.2,31.56,25.0,29.59,147997000.0
2026-05-26,28.93,29.38,24.5,26.11,131193800.0
2026-05-27,26.41,27.41,25.25,25.53,79051900.0
2026-05-28,25.49,28.99,24.95,28.27,96111000.0
2026-05-29,29.01,30.0,27.4,27.66,74225700.0
2026-06-01,27.04,27.93,26.21,26.5,58926300.0
2026-06-02,27.19,27.19,23.0,24.98,82002400.0
2026-06-03,24.38,26.68,24.29,26.45,74263200.0
2026-06-04,26.45,27.76,25.9,25.91,60410000.0
2026-06-05,25.56,26.43,24.61,25.51,48387000.0
2026-06-08,23.61,24.73,23.03,23.64,57148600.0
2026-06-09,24.0,24.35,23.1,23.69,39492200.0
2026-06-10,23.51,24.81,22.59,23.99,64190100.0
2026-06-11,24.11,27.58,24.07,27.11,98607600.0
2026-06-12,27.29,27.91,25.87,26.07,67627900.0
2026-06-15,26.8,28.42,25.77,27.13,90043300.0
2026-06-16,26.99,27.01,25.56,26.15,62517700.0
2026-06-17,25.89,28.4,25.6,28.38,85351200.0
2026-06-18,28.63,30.0,27.62,28.68,81094500.0
2026-06-22,28.7,32.0,28.7,31.29,86001600.0
2026-06-23,31.0,31.7,29.22,30.11,70680600.0
2026-06-24,29.5,32.19,28.3,31.96,86402500.0
2026-06-25,32.32,32.45,29.19,29.7,83682500.0
2026-06-26,29.07,30.2,28.0,28.15,52987400.0
2026-06-29,28.89,29.18,27.0,28.03,44625200.0
2026-06-30,28.08,29.72,27.68,28.95,48537800.0
2026-07-01,29.47,29.92,27.8,28.85,48883300.0
2026-07-02,29.8,31.7,28.91,29.15,83757300.0
2026-07-03,28.03,29.35,26.8,27.51,60969600.0
2026-07-06,27.1,27.1,24.2,24.9,66762200.0
2026-07-07,25.2,25.8,24.5,25.45,34904600.0
2026-07-08,26.46,27.33,25.38,26.0,58004000.0
2026-07-09,25.45,27.25,25.24,26.34,52469800.0
2026-07-10,26.0,28.15,25.02,25.06,60388900.0
2026-07-13,25.1,26.5,24.8,25.3,56490400.0
2026-07-14,25.9,30.36,25.66,30.36,130677600.0
2026-07-15,32.0,32.5,27.5,28.69,128615200.0
2026-07-16,27.27,29.01,26.16,26.65,70223700.0
2026-07-17,25.98,26.64,22.2,22.37,85431400.0
2026-07-20,25.0,26.84,24.42,25.84,138249400.0
2026-07-21,25.7,27.45,23.23,26.99,116874600.0
2026-07-22,26.33,29.19,26.06,28.7,114543600.0
2026-07-23,29.61,31.88,27.69,28.05,128911400.0
2026-07-24,27.62,27.86,25.46,25.78,91399400.0
2026-07-27,25.7,28.91,25.13,28.91,82351900.0
2026-07-28,27.99,28.58,26.75,26.88,77419100.0
2026-07-29,26.63,28.7,25.86,28.5,89988300.0
2026-07-30,29.6,30.2,25.0,26.1,103749300.0
2026-07-31,29.58,30.0,27.28,27.9,128642300.0
2026-08-03,27.48,29.22,26.24,28.03,94932100.0
2026-08-04,29.66,33.64,29.0,33.64,171337700.0
2026-08-05,34.21,38.0,34.21,36.97,217261000.0
2026-08-06,35.19,37.35,33.66,34.67,217019500.0
2026-08-07,34.68,38.0,33.68,37.19,201653900.0
2026-08-10,37.22,39.55,35.83,38.39,165883400.0
2026-08-11,38.15,38.68,34.88,34.92,163985000.0
2026-08-12,37.5,38.18,34.98,36.5,138632200.0
2026-08-13,39.73,41.0,35.28,35.35,166847100.0
2026-08-14,36.23,39.19,34.8,38.93,181082700.0
2026-08-17,38.78,40.0,37.42,39.3,144315300.0
2026-08-18,38.5,38.62,36.3,36.47,130508200.0
2026-08-19,33.9,35.37,32.22,32.51,117028400.0
2026-08-20,32.19,33.51,31.19,32.92,78899100.0
