regStatus,estiblishTime,regCapital,companyType,matchType,type,legalPersonName,regNumber,creditCode,name,id,orgNumber,base
存续,2003-03-28 00:00:00.0,1702.797546万人民币,1,公司名称匹配,1,华云飞,430400000034838,914304007483590485,湖南核工业宏华机械有限公司,410342627,74835904-8,湖南
存续,1996-01-31 00:00:00.0,7200万人民币,1,历史名称匹配,1,边绍谦,430000000022920,91430000183796928A,中核二十五建设有限公司,267087773,18379692-8,湖南
存续,1986-03-03 00:00:00.0,2556万人民币,1,历史名称匹配,1,郭昌凯,430100000021440,91430100765611217B,湖南省地质勘测设计有限公司,368412937,76561121-7,湖南
存续,2006-09-30 00:00:00.0,285万人民币,1,历史名称匹配,1,王峰,430100000021257,9143011179470464XP,湖南省地质科技检测有限公司,368412550,79470464-X,湖南
存续,1994-10-20 00:00:00.0,80000万人民币,1,公司名称匹配,1,谢永坚,430100000030145,91430100183841370H,核工业长沙中南建设集团有限公司,78917408,18384137-0,湖南
存续,2006-03-07 00:00:00.0,1000万人民币,1,历史名称匹配,1,谭鑫,430000000090145,91430121785365551B,湖南省湘核检测科技有限公司,748104974,78536555-1,湖南
存续,2022-11-16 00:00:00.0,2000万人民币,1,公司名称匹配,1,宁顺国,430100000302122,91430100MAC43MUW10,湖南核工业华兴水利水电建设有限公司,5808724229,MAC43MUW-1,湖南
存续,2006-05-22 00:00:00.0,2000万人民币,1,公司名称匹配,1,张毅,430400000019935,91430400788036390X,核工业（湖南）城市运营发展有限公司,937016380,78803639-0,湖南
注销,1992-12-22 00:00:00.0,10万人民币,1,公司名称匹配,1,谭国良,430000000033821,91430000183771077M,湖南省核工业地质局劳动服务公司,374933346,18377107-7,湖南
存续,2015-10-28 00:00:00.0,1500万人民币,1,公司名称匹配,1,黄宏业,430111000354013,91430111MA4L1DEX3R,湖南中核环保科技有限公司,1705405370,MA4L1DEX-3,湖南
存续,2008-04-03 00:00:00.0,-,1,历史名称匹配,1,周诚,433100000002359,914331006735995562,湖南省地质勘测设计有限公司湘西分公司,374476585,67359955-6,湖南
存续,2020-08-06 00:00:00.0,-,1,公司名称匹配,1,徐艳宏,431200300085901,91431200MA4RK8J86U,湖南核工业工程质量检测有限公司怀化分公司,3463254991,MA4RK8J8-6,湖南
存续,2007-09-20 00:00:00.0,1000万人民币,1,股东信息匹配,1,贺海扬,430000000010357,914300006663308906,湖南中核勘探有限责任公司,568353616,66633089-0,湖南
存续,2007-04-12 00:00:00.0,-,1,历史名称匹配,1,张钰飞,440111000000418,91440111799440380E,中核二十五建设有限公司广州分公司,1600455718,79944038-0,广东
存续,1997-07-22 00:00:00.0,1500万人民币,1,公司名称匹配,1,黄迪辉,430124000009650,91430124184248704F,长沙核工业工程勘察院有限公司,368413790,18424870-4,湖南
存续,2005-03-15 00:00:00.0,-,1,历史名称匹配,1,张军,140000106061313,91140000772528905X,中核二十五建设有限公司太原分公司,254401485,77252890-5,山西
正常,1994-11-18 00:00:00.0,-,9,公司信息匹配,1,张永祥,,81430100MCL60077XC,核工业湖南矿冶局机关工会,4479314594,,湖南
存续,1999-11-04 00:00:00.0,5068万人民币,1,公司信息匹配,1,蒋国清,430400000014867,9143040071701432XX,核工业湖南衡阳华安建设工程有限公司,410498056,71701432-X,湖南
存续,1993-03-08 00:00:00.0,2000万人民币,1,公司名称匹配,1,吴俊刚,431000000009398,91431000187761706G,核工业郴州工程勘察院有限公司,770298542,18776170-6,湖南
存续,1999-04-08 00:00:00.0,1700万人民币,1,公司信息匹配,1,王金凤,430621000008531,91430621743167952K,核工业岳阳建设工程有限公司,1417010025,74316795-2,湖南
