vendor,tool_name,query,result_index,api_name,title,score,table_markdown,retrieved_at
gildata,NewsDataQuery,2026年上半年中国智能手机出货量同比增长情况,1,资讯舆情库,群智咨询：预计2026年全球智能手机出货量同比下滑11.3% 需求端疲软供给端承压,0.92,"报告标题：群智咨询：预计2026年全球智能手机出货量同比下滑11.3% 需求端疲软供给端承压；
撰写时间：2026-07-15 19:15:50；
新闻舆情来源：智通财经
原文：智通财经APP获悉，群智咨询发文称，2026年第二季度全球智能手机出货量约为2.5亿台，同比下降9.7%。2026年第二季度中国智能手机出货量约为6310万台，同比下降7%。基于当前供给端的成本压力以及需求端的持续疲软，预计2026年全球智能手机出货量约为10.6亿台，同比下滑11.3%。其中中国出货量约为2.4亿台，同比下滑13.8%。一、全球智能手机市场群智咨询(Sigmaintell)数据显示，2026年第二季度全球智能手机出货量约为2.5亿台，同比下降9.7%。(一)头部差距逐渐拉开，三星/苹果虹吸国产品牌趋势加重。三星、苹果实现了逆势增长，分别增长5.5%和8.7%。三星的增长主要来自于其低端4G的产品贡献，国产手机受于成本的压力被迫调高产品售价，而三星入门产品(如Galaxy A07 4G)则依旧保持价格竞争力，更加凸显产品性价比，提升了入门级的产品需求;高端市场则凭借Galaxy S26 Ultra主动防窥屏和 AI 功能，刺激了高端需求，高低端共同促进了第二季度的增长。苹果第二季度的增长主要是iPhone17系列的贡献，其强劲的产品竞争力和稳定的价格体系是刺激需求的主要原因，#群智咨询(Sigmaintell)数据显示，iPhone17系列在2026年第一季度和第二季度的备货较去年同期(iPhone16系列)分别增长了52%和84%。(二)受内存供应成本的上涨，国产品牌的下沉档位规模严重萎缩是国产品牌同比下滑的主要原因。其中，传音在全球市场的超低端档位分布相对最多，在成本上涨被迫上调售价时对涨价的抵御能力相对偏弱(低收入群体对涨价更敏感)，因此同比下滑也是最严重的，下降了22.9%。OPPO、vivo等品牌也因成本上涨的压力，优化其产品布局、调整产策略、精简产品数量、调高产品售价等，全球市场也分别下滑了16.1%和13.8%。二、中国智能手机市场群智咨询(Sigmaintell)数据显示，2026年第二季度中国智能手机出货量约为6310万台，同比下降7%。“国补”效应减弱以及厂商上调售价是市场需求下滑的主要原因。(一)华为逐渐夯实霸主地位，苹果需求更加旺盛。华为、苹果在国内市场逆势增长，分别增长11.4%和8.3%。华为一直处于增长态势，第二季度实现两位数的增长，除了高端产品Mate、Pura双旗舰策略外，中低端(nova16系列和畅享90系列)在下沉城市、下沉渠道、下沉银发族和下沉年轻群体的进攻显效，是其销量贡献的主要原因。苹果的逆势增长源自两个方面：一个是其苹果生态的粘性、忠实果粉，属于固定群体，稳定销量的来源;另一个是国产旗舰的涨价，叠加苹果的稳定价格体系，共同助推用户群体回流苹果。(二)安卓阵营需求集体减弱，抗成本挑战加剧。OPPO、vivo、荣耀等品牌在产品成本压力下被迫调整产品策略、产品售价，而消费者对产品涨价的价值感知(产品配置的升级)不强烈，换机意愿被压制，市场一直处于观望态势，且短期内一直会持续下去，对安卓阵营的国产品牌是一个严峻的挑战。三、未来趋势展望群智咨询(Sigmaintell)数据显示，基于当前供给端的成本压力以及需求端的持续疲软，预计2026年全球智能手机出货量约为10.6亿台，同比下滑11.3%。其中中国出货量约为2.4亿台，同比下滑13.8%。2026年上半年全球智能手机同比下滑6%(中国市场下滑6.3%)，随着主流品牌厂商前期采购的低价库存物料逐步消耗殆尽，成本压力将在下半年集中显现，预计2026年下半年全球智能手机同比下滑16.1%(中国市场下滑17%)。展望2027年，存储价格将在2027年上半年涨幅趋稳，但仍处高水位，短期内难有明显回落空间，整体市场仍将面临严峻挑战，预计2027年全球智能手机同比下滑3.3%(中国市场下滑5.5%)。群智咨询(Sigmaintell)认为，未来智能手机或将迎来新的发展趋势：(一)全球市场超低端($100以下)档位严重萎缩，形成并定义新的档位格局，群智咨询(Sigmaintell)数据显示，未来最低配内存组合(4GB+64GB)成本约$100，超低端智能手机市场将会迎来严重萎缩。(二)主流品牌思考如何用更小RAM支撑AI运行，以便应对成本高涨前提下中低端手机对AI需求，苹果iPhone18标准版正在评估采用9GB RAM以保证AI运行。(三)寻找差异化产品赛道，新的屏幕形态、更大的电池将是今年下半年起主流品牌高端和中低端产品策略的主要方向。",2026-09-01T20:57:14.212045+08:00
gildata,NewsDataQuery,2026年上半年中国智能手机出货量同比增长情况,2,资讯舆情库,中国信通院：5月国内市场手机出货量2763.9万部 其中5G手机占比94.9%,0.87,"报告标题：中国信通院：5月国内市场手机出货量2763.9万部 其中5G手机占比94.9%；
撰写时间：2026-06-24 15:51:02；
新闻舆情来源：智通财经
原文：智通财经APP获悉，6月24日，中国信通院发布2026年5月国内手机市场运行分析报告。2026年5月，国内市场手机出货量2763.9万部，同比增长16.5%，其中，5G手机2622.4万部，同比增长23.8%，占同期手机出货量的94.9%。2026年1-5月，国内市场手机出货量1.14亿部，同比下降3.6%，其中，5G手机1.06亿部，同比增长4.2%，占同期手机出货量的93.2%。2026年5月，国内手机上市新机型19款，同比下降51.3%，其中5G手机11款，同比下降15.4%，占同期手机上市新机型数量的57.9%。2026年1-5月，国内手机上市新机型157款，同比下降22.3%，其中 5G手机96款，同比增长1.1%，占同期手机上市新机型数量的61.1%。国内手机市场国内外品牌构成2026年5月，国产品牌手机出货量2397.0万部，同比增长25.0%，占同期手机出货量的86.7%;国产品牌上市新机型15款，同比下降58.3%，占同期手机上市新机型数量的78.9%。2026年1-5月，国产品牌手机出货量9533.0万部，同比下降3.1%，占同期手机出货量的86.1%;国产品牌上市新机型145款，同比下降24.5%，占同期手机上市新机型数量的92.4%。国内智能手机发展情况2026年5月，智能手机出货量2680.4万部，同比增长19.0%，占同期手机出货量的97.0%;智能手机上市新机型15款，同比下降44.4%，占同期手机上市新机型数量的78.9%。2026年1-5月，智能手机出货量1.09亿部，同比下降0.4%，占同期手机出货量的95.4%;智能手机上市新机型130款，同比下降9.1%，占同期手机上市新机型数量的82.8%。",2026-09-01T20:57:14.212045+08:00
gildata,NewsDataQuery,2026年上半年中国智能手机出货量同比增长情况,3,资讯舆情库,国内手机出货量连续两月双位数下滑 上市新机型同比增长22.4%,0.82,"报告标题：国内手机出货量连续两月双位数下滑 上市新机型同比增长22.4%；
撰写时间：2026-03-25 20:08:09；
新闻舆情来源：证券时报APP
原文：尽管上市新机型大增，但近两月国内手机市场出货量已连续双位数下滑。3月25日，工信部旗下中国信通院发布2026年2月国内手机市场运行分析报告显示，2026年2月，国内市场手机出货量1678.9万部，同比下降14.6%，其中，5G手机1593.1万部，同比下降11.4%，占同期手机出货量的94.9%。根据中国信通院此前报告，2026年1月，国内市场手机出货量2286.6万部，同比下降16.1%，其中，5G手机1987.0万部，同比下降15.9%，占同期手机出货量的86.9%。这意味着国内手机市场出货量已连续两月双位数下滑。报告显示，2026年1—2月，国内市场手机出货量3965.5万部，同比下降15.5%，其中，5G手机3580.1万部，同比下降14.0%，占同期手机出货量的90.3%。值得一提的是，从上市新机型来看，2026年1月、2月上市新机型却大增。据报告，2026年2月，国内手机上市新机型23款，同比增长76.9%，其中5G手机15款，同比增长66.7%，占同期手机上市新机型数量的65.2%。2026年1—2月，国内手机上市新机型60款，同比增长22.4%，其中5G手机35款，同比增长16.7%，占同期手机上市新机型数量的58.3%。其中智能手机方面，2026年1—2月，智能手机出货量3695.4万部，同比下降14.3%，占同期手机出货量的93.2%;智能手机上市新机型50款，同比增长38.9%，占同期手机上市新机型数量的83.3%。其中，2026年2月，智能手机出货量1625.8万部，同比下降12.6%，2026年1月，智能手机出货量2069.6万部，同比下降15.6%。从国内外品牌构成来看，2026年2月，国产品牌手机出货量1435.5万部，同比下降15.7%，占同期手机出货量的85.5%;国产品牌上市新机型23款，同比增长76.9%，占同期手机上市新机型数量的100%。2026年1—2月，国产品牌手机出货量3442.9万部，同比下降13.6%，占同期手机出货量的86.8%;国产品牌上市新机型56款，同比增长16.9%，占同期手机上市新机型数量的93.3%。针对出货量下滑，市场调研机构 Counterpoint Research曾发布报告称，2026年1月中国智能手机市场销量同比下滑原因在于2025年初国补政策带来的高基数，以及农历新年时间错位导致的需求节奏变化。事实上，受存储价格持续暴涨，智能手机纷纷涨价等影响，行业普遍预计2026年智能手机出货量将大跌，甚至跌至最近十多年来新低。Counterpoint Research预测，2026年的智能手机市场恐出现历史最严重的收缩，出货规模跌破11亿件，同比大减12.4%，创下2013年后新低。IDC也发文指出，2026年智能手机市场承压，全球出货量预计同比下滑12.9%至11亿台，创2013年以来最低纪录;中国市场出货量预计同比下降10.5%至2.55亿台，刷新2012年以来新低。核心原因是AI产业扩张导致存储芯片供应链短缺和价格大幅上涨，推高核心物料成本，行业步入存量竞争关键期。",2026-09-01T20:57:14.212045+08:00
gildata,NewsDataQuery,2026年上半年中国智能手机出货量同比增长情况,4,资讯舆情库,618期间手机销量同比下滑 多家产业链公司上半年业绩预增,0.8,"报告标题：618期间手机销量同比下滑 多家产业链公司上半年业绩预增；
撰写时间：2026-07-07 17:46:00；
新闻舆情来源：证券时报·e公司
原文：受存储涨价等影响，上半年消费电子品牌企业与产业链企业“冰火”两重天。涨价致手机销量下滑7月7日，Counterpoint Research最新发布的《中国智能手机周度销量追踪报告》显示，受存储价格上涨导致的产品涨价影响，2026年618促销期间中国智能手机销量同比下降13%，主要原因是存储价格上涨引发的手机价格上调，同时更高的成本使今年618期间促销力度较往年明显减弱，在消费需求本就疲弱的背景下进一步抑制了市场表现。除华为外，其他主要品牌销量均出现同比下滑。Counterpoint Research分析师表示，618购物节叠加高考结束后的首轮换机潮，带动6月份市场较前一个月有所回暖。但随着促销季结束，市场预计将重新进入传统淡季。与此同时，智能手机厂商及供应链持续释放下半年价格仍将上涨的信号，使部分有真实换机需求的消费者选择提前在618期间完成购买。值得一提的是，前述分析师表示：“智能手机厂商当前普遍采取更加注重利润、相对保守的经营策略，进一步下调全年出货计划。”Counterpoint Research预计，2026年中国智能手机市场全年出货量将出现两位数同比下降。此前，IDC在今年5月的最新预测中，已将2026年全球智能手机出货量下调至10.9亿部，同比下滑13.9%，比2月份预测的12.9%更为悲观。Counterpoint的预测是约10.8亿部。两个预测都是2013年以来的年度最低。多元化助产业链业绩增长尽管如此，消费电子品牌企业上游供应链企业上半年业绩却普遍预增，而这主要因为随着AI的发展，供应链企业业务多元化，不再主要依靠消费电子产品销量拉动业绩，汽车、AI、数据中心、机器人、IoT等都成为可能的业绩增长动能。2025年，视源股份来自智能控制部件、智能终端及应用的营收占比超过97%。7月6日晚，视源股份披露，预计公司2026年上半年实现净利润14.5亿元—16.5亿元，同比增长264.62%至314.91%。关于业绩变动原因，公司表示，报告期内在智能控制部件领域，公司加快拓展高价值增量业务。家用电器控制器业务海内外订单持续增长;汽车电子、电力电子业务伴随重点客户项目导入、产品定点及量产推进实现增长;液晶显示主控板卡业务依托研发、供应链及服务优势实现增长，持续巩固行业领先地位。在智能终端及应用领域，教育品牌业务希沃教学终端、希沃教育AI产品持续增长;企业服务品牌业务加快国内重点行业渗透;MAXHUB出海依托微软Teams Rooms认证产品推广、海外营销网络深化及本地化运营能力提升保持增长;ODM业务经营状况亦稳步改善。前述消息发布后，7月7日，视源股份股价涨停，6月30日至7月7日，视源股份股价累计上涨33%。7月2日晚，苹果供应商福蓉科技也披露，预计公司2026年上半年净利润为7005.21万元左右，同比增长68.94%左右。福蓉科技表示，2026年上半年公司主营业务情况良好，产销量继续保持明显增长。消费电子业务方面，公司通过内部提质增效、精细化管理，紧扣市场需求，全力保障订单交付，其中，第一季度，三星第七代折叠屏手机、S26旗舰机及OPPO FIND N6等高端手机项目量产落地，出口销量及高附加值产品占比同比显著提升;第二季度，由于三星第八代折叠屏手机、谷歌手机开始备货，订单需求持续保持稳定，使得公司前期研发的可阳极7系铝合金高端新材料订单增加。同时，苹果笔记本电脑等新品顺利实现量产。新能源及汽车铝型材业务方面，2026年上半年，福蓉科技新能源及汽车铝型材业务订单持续增加，产销量及营收同比大幅增长，两家子公司自去年第四季度以来持续盈利。更早之前，立讯精密披露，预计公司2026年上半年净利润78.4亿元—81.06亿元，同比增长18%—22%。立讯精密称，2026年上半年，公司持续发挥多元化业务布局、全球化产能配置和垂直一体化能力优势，持续深化与海内外核心客户的合作关系，稳步推进产品开发、客户导入和重点项目落地，与此同时，公司持续在客户需求快速响应、供应链改善、成本优化及全球化交付能力提升等方面，进一步增强经营韧性和抗风险能力，推动预告期内整体经营实现稳健成长。周边产品成品牌企业发力重点存储涨价超级周期下，手表、手环、TWS等穿戴设备及AIoT品类成为下游品牌客户的重点发力方向，品牌企业试图以此对冲手机下滑对公司的影响。华勤技术相关负责人近日对投资者表示，存储涨价虽对手机行业整体大盘形成一定压力，但随着ODM渗透率持续提升及市场份额继续向头部厂商集中，公司手机ODM出货量所受影响有限，行业领先地位稳固，公司大部分存储芯片由客户自行采购，该部分价格波动不会直接影响公司毛利率。此外，穿戴业务受存储涨价影响较小且品牌客户对长尾白牌的替代趋势仍在延续，AIoT业务则依托多品类布局及大客户优势，均有望在今年取得良好业绩表现，有效对冲手机业务的下滑压力。“下游客户角度来看，穿戴及AIoT成为新增长点。当前存储涨价等因素使得手机行业增长承压，手表、手环、TWS等穿戴设备及AIoT品类因而成为下游品牌客户的重点发力方向，客户布局需求显著提升，直接拉动公司相关业务订单增长。”华勤技术透露。数据中心业务也成为产业链未来几年增长动能之一。华勤技术表示，中长期视角，国内算力需求总盘蓬勃发展、CSP客户资本开支继续快速增长，叠加国产供应链加速成熟，预计行业规模在未来几年将保持快速增长。公司数据中心业务的定位是从芯片、系统到算力的一栈式解决方案提供商，以及从算力、Token到生产力的行业解决方案商。“展望未来，伴随消费电子行业景气度逐步修复、供应链价格波动风险日趋收敛，叠加公司2026年全年降本增效、提质挖潜的经营成果持续释放，公司明年业绩增长的确定性与可持续性将进一步增强，整体经营基本面有望持续向好。”华勤技术表示。",2026-09-01T20:57:14.212045+08:00
gildata,NewsDataQuery,2026年上半年中国智能手机出货量同比增长情况,5,资讯舆情库,中国信通院发布2026年2月国内手机市场运行分析报告：出货量1678.9万部，其中5G手机占比94.9%,0.77,"报告标题：中国信通院发布2026年2月国内手机市场运行分析报告：出货量1678.9万部，其中5G手机占比94.9%；
撰写时间：2026-03-25 14:40:27；
新闻舆情来源：中国信通院CAICT
原文：一、国内手机市场总体情况 2026年2月，国内市场手机出货量1678.9万部，同比下降14.6%，其中，5G手机1593.1万部，同比下降11.4%，占同期手机出货量的94.9%。 2026年1-2月，国内市场手机出货量3965.5万部，同比下降15.5%，其中，5G手机3580.1万部，同比下降14.0%，占同期手机出货量的90.3%。 图1 国内手机市场出货量及5G手机占比 2026年2月，国内手机上市新机型23款，同比增长76.9%，其中5G手机15款，同比增长66.7%，占同期手机上市新机型数量的65.2%。 2026年1-2月，国内手机上市新机型60款，同比增长22.4%，其中5G手机35款，同比增长16.7%，占同期手机上市新机型数量的58.3%。 图2 国内手机上市新机型数量及5G手机占比 二、国内手机市场国内外品牌构成 2026年2月，国产品牌手机出货量1435.5万部，同比下降15.7%，占同期手机出货量的85.5%；国产品牌上市新机型23款，同比增长76.9%，占同期手机上市新机型数量的100%。 2026年1-2月，国产品牌手机出货量3442.9万部，同比下降13.6%，占同期手机出货量的86.8%；国产品牌上市新机型56款，同比增长16.9%，占同期手机上市新机型数量的93.3%。 图3 国产品牌手机出货量及占比 三、国内智能手机发展情况 2026年2月，智能手机出货量1625.8万部，同比下降12.6%，占同期手机出货量的96.8%；智能手机上市新机型18款，同比增长63.6%，占同期手机上市新机型数量的78.3%。 2026年1-2月，智能手机出货量3695.4万部，同比下降14.3%，占同期手机出货量的93.2%；智能手机上市新机型50款，同比增长38.9%，占同期手机上市新机型数量的83.3%。 图4 国内智能手机出货量及占比 指导单位：工业和信息化部信息通信管理局 报告完成单位：中国信息通信研究院 了解更多内容 联系人：王伟华 电话：010-82052804 邮箱：wangweihua@caict.ac.cn 点击“阅读原文”，下载报告。 校 审 | 谨 言、珊 珊 编 辑 | 凌 霄 ” 推荐阅读 中国信通院发布2026年1月国内手机市场运行分析报告：出货量2286.6万部，其中5G手机占比86.9% 专家谈",2026-09-01T20:57:14.212045+08:00
gildata,NewsDataQuery,2026年上半年中国智能手机出货量同比增长情况,6,资讯舆情库,中国信通院发布2026年1月国内手机市场运行分析报告：出货量2286.6万部，其中5G手机占比86.9%,0.74,"报告标题：中国信通院发布2026年1月国内手机市场运行分析报告：出货量2286.6万部，其中5G手机占比86.9%；
撰写时间：2026-03-04 09:56:01；
新闻舆情来源：中国信通院CAICT
原文：一、国内手机市场总体情况 2026年1月，国内市场手机出货量2286.6万部，同比下降16.1%，其中，5G手机1987.0万部，同比下降15.9%，占同期手机出货量的86.9%。 图1 国内手机市场出货量及5G手机占比 2026年1月，国内手机上市新机型37款，同比增长2.8%，其中5G手机20款，同比下降4.8%，占同期手机上市新机型数量的54.1%。 图2 国内手机上市新机型数量及5G手机占比 二、国内手机市场国内外品牌构成 2026年1月，国产品牌手机出货量2007.4万部，同比下降12.1%，占同期手机出货量的87.8%；国产品牌上市新机型33款，同比下降5.7%，占同期手机上市新机型数量的89.2%。 图3 国产品牌手机出货量及占比 三、国内智能手机发展情况 2026年1月，智能手机出货量2069.6万部，同比下降15.6%，占同期手机出货量的90.5%；智能手机上市新机型32款，同比增长28.0%，占同期手机上市新机型数量的86.5%。 图4 国内智能手机出货量及占比 指导单位：工业和信息化部信息通信管理局 报告完成单位：中国信息通信研究院 了解更多内容 联系人：王伟华 电话：010-82052804 邮箱：wangweihua@caict.ac.cn 点击“阅读原文”，下载报告。 校 审 | 谨 言、珊 珊 编 辑 | 凌 霄 ” 推荐阅读 中国信通院发布2025年12月国内手机市场运行分析报告：出货量2447.3万部，其中5G手机占比90.4% 专家谈",2026-09-01T20:57:14.212045+08:00
gildata,NewsDataQuery,2026年上半年中国智能手机出货量同比增长情况,7,资讯舆情库,机构：预计2026年智能手机SoC市场出货量下降7%，谷歌、三星、海思将增长,0.68,"报告标题：机构：预计2026年智能手机SoC市场出货量下降7%，谷歌、三星、海思将增长；
撰写时间：2026-02-09 10:18:35；
新闻舆情来源：电子时代
原文：详情请登录www.cpcashow.com 市场调研机构Counterpoint Research在最新发布的报告显示，在2025年的全球智能手机SoC市场，联发科以34.4%的出货量份额位居第一，高通（25.1%）、苹果（18.1%）、紫光展锐（12.1%）和三星（5.7%）分列第二至第五名。此外，该机构还认为，全球智能手机SoC市场在连续几年保持增长后，预计将在2026年放缓，出货量将同比下降7%。 Counterpoint Research还对2026年全球智能手机SoC出货量同比增长预测进行了修正。该机构预计2026年全球智能手机出货量将同比下降6.1%，而智能手机SoC出货量预计将比2025年下降7%。其中，华为海思SoC出货量将增长4.0%，谷歌及三星分别增长18.9%及7.3%。苹果、高通、联发科SoC将分别下跌4.4%、8.8%及10.0%。Counterpoint Research表示，在SoC供应商中，紫光展锐由于其在萎缩的低端4G市场中的业务占比过高，面临最大的下滑，出货量将下滑14.2%。 Counterpoint Research指出，2026年苹果和三星由于其整合的供应链以及持续向高端化转型，处境相对较好。谷歌预计将实现最强劲的增长，这得益于其人工智能差异化优势以及在美国和日本以外市场不断扩大的市场份额。三星推出的2nm Exynos 2600进一步强化了其垂直整合战略，而联发科和高通则面临喜忧参半的局面，因为高端平台弥补了大众市场疲软的局面。 Counterpoint Research表示，存储价格上涨是智能手机行业面临的核心挑战，对低端市场带来冲击，尤其是150美元价位段以下的入门级产品。由于代工厂和存储供应商正将重心转向利润更高、用于支持数据中心扩张的HBM（高带宽存储器）产能，供应受限和成本上升将波及整个低端手机市场。因此，高度依赖4G和入门级5G SoC的供应商将在2026年面临巨大压力。 展望未来，Counterpoint Research表示，智能手机市场预计将在2027年下半年或2028年初趋于正常化。在此之前，行业将在成本、性能和创新之间寻求平衡。人工智能将有助于维持市场需求，但领先的OEM厂商越来越多地采用自主研发的SoC芯片，将继续给传统芯片供应商带来压力，重塑竞争格局。（满天芯） 记得把您的赞和在看留给我哦~",2026-09-01T20:57:14.212045+08:00
gildata,NewsDataQuery,2026年上半年中国智能手机出货量同比增长情况,8,资讯舆情库,Omdia:一季度全球智能手机出货量达2.985亿台 同比增长1%,0.67,"报告标题：Omdia:一季度全球智能手机出货量达2.985亿台 同比增长1%；
撰写时间：2026-04-30 16:21:42；
新闻舆情来源：智通财经
原文：智通财经APP获悉，Omdia数据显示，2026年第一季度，全球智能手机出货量达2.985亿台，同比增长1%。一季度市场走势受两大反向因素共同作用：三星、苹果等头部厂商为应对内存及元器件成本上涨预期，主动提前渠道铺货，拉动行业出货表现，最终整体销量优于行业早期预判;但宏观经济逆风持续压制终端消费需求，物价高企压缩居民非必要消费预算，导致渠道出货量与实际终端零售销量的差距持续扩大。供需失衡或将促使2026年第二季度及下半年市场迎来更明显的调整。品牌亮点三星逆势稳住全球第一厂商地位，一季度出货6540 万台，同比增幅 8%。产品线高低端双线发力韧性十足：A 系列入门机型稳固新兴市场大盘，Galaxy S26 系列热销则带动高端市场销量攀升。苹果(AAPL.US)第一季度出货6040万台，同比增长10%。iPhone 17系列为核心增长引擎，全新上市的iPhone 17e在欧盟、日本等运营商主导市场开局表现强劲;iPhone 17 Pro与Pro Max首发销量全面超越上一代机型，其中中国大陆市场同比大涨42%，表现尤为亮眼。OPPO(含 realme、一加)以3070万台出货量位列第四，同比下降 6%;vivo排名第五，出货2130万台，同比下滑 7%。两大中国品牌一季度均录得个位数跌幅，主要受 2025年末入门机型集中铺货、今年一季度终端走货放缓影响。前五名以外，荣耀跻身全球前十厂商中增速榜首，第一季度出货1920万台，同比增长19%。海外市场成为核心增长动力，中东与非洲地区出货量同比翻倍;但受国内行业竞争加剧影响，荣耀中国大陆本土市场销量同比回落。市场格局2026年一季度行业表现，标志着全球手机市场正式进入由内存、闪存、处理器等核心元器件涨价引发的供给端扰动周期初期。Omdia指出，当前行业正处于三阶段周期的上行阶段：元器件价格持续上涨，倒逼品牌厂商与渠道代理商提前锁单、批量备货，以此对冲后续成本上涨风险。提前铺货效应: 厂商赶在元器件进一步涨价前加大渠道发货，短期推高行业整体出货数据，但也造成库存积压;渠道商为规避终端售价上涨风险超额备货，进一步放大前置出货的透支效应。消费需求分化: 渠道铺货量大幅抬升的同时，终端实际消费需求整体疲软。生活必需品通胀居高不下，消费者换机周期拉长、选购更趋理性，中高端机型需求疲软问题尤为突出。入门机型承压加剧: 入门机型利润缓冲空间薄弱，厂商已开始向下传导成本涨幅。新兴市场价格敏感度更高，低端机型涨价直接抑制消费意愿，进一步拉大渠道出货与终端实际销量的鸿沟。Omdia研究经理周乐轩(Le Xuan Chiew)表示： “2026 年一季度市场数据，本质是供给端短期扰动扭曲真实需求信号的结果。厂商与渠道集中前置备货拉高短期出货，但库存高企将持续拖累后续季度表现，伴随需求回归常态，行业调整压力将逐步显现。”未来展望随着渠道高库存亟待消化、消费需求持续走弱，行业将从短期前置扩张，转入长期深度调整周期。2026 年二季度或将开启渠道库存调整阶段，但行业复苏节奏不均衡，整体回暖力度将弱于此前预期。内存成本上升的影响将在下半年全面显现，居民实际收入与消费能力受到持续侵蚀，进一步拉长消费者换机周期，中高端机型需求疲软态势难以缓解。在此背景下，手机厂商战略重心将全面转向严控渠道发货节奏、化解库存风险、守住利润基线，整体出货规模增长持续受限。2026 年下半年全球智能手机市场下行风险加剧，渠道发货节奏将贴合疲软的真实需求，告别粗放式渠道扩张模式。Omdia首席分析师(Principal Analyst)Runar Bjørhovde称：“智能手机行业已进入深度变革与震荡周期。过去九个月，内存、存储等核心零部件供给压力陡增，未来至少两年内，元器件成本与供给格局仍将是左右全球手机市场走势的核心变量。”",2026-09-01T20:57:14.212045+08:00
gildata,NewsDataQuery,2026年上半年中国智能手机出货量同比增长情况,9,资讯舆情库,机构：2026年智能手机SoC市场出货量下跌7%，海思将增长4%,0.67,"报告标题：机构：2026年智能手机SoC市场出货量下跌7%，海思将增长4%；
撰写时间：2026-02-06 12:06:36；
新闻舆情来源：满天芯
原文：市场调研机构Counterpoint Research在最新发布的报告显示，在2025年的全球智能手机SoC市场，联发科以34.4%的出货量份额位居第一，高通（25.1%）、苹果（18.1%）、紫光展锐（12.1%）和三星（5.7%）分列第二至第五名。此外，该机构还认为，全球智能手机SoC市场在连续几年保持增长后，预计将在2026年放缓，出货量将同比下降7%。 Counterpoint Research还对2026年全球智能手机SoC出货量同比增长预测进行了修正。该机构预计2026年全球智能手机出货量将同比下降6.1%，而智能手机SoC出货量预计将比2025年下降7%。其中，华为海思SoC出货量将增长4.0%，谷歌及三星分别增长18.9%及7.3%。苹果、高通、联发科SoC将分别下跌4.4%、8.8%及10.0%。Counterpoint Research表示，在SoC供应商中，紫光展锐由于其在萎缩的低端4G市场中的业务占比过高，面临最大的下滑，出货量将下滑14.2%。 Counterpoint Research指出，2026年苹果和三星由于其整合的供应链以及持续向高端化转型，处境相对较好。谷歌预计将实现最强劲的增长，这得益于其人工智能差异化优势以及在美国和日本以外市场不断扩大的市场份额。三星推出的2nm Exynos 2600进一步强化了其垂直整合战略，而联发科和高通则面临喜忧参半的局面，因为高端平台弥补了大众市场疲软的局面。 Counterpoint Research表示，存储价格上涨是智能手机行业面临的核心挑战，对低端市场带来冲击，尤其是150美元价位段以下的入门级产品。由于代工厂和存储供应商正将重心转向利润更高、用于支持数据中心扩张的 HBM（高带宽存储器）产能，供应受限和成本上升将波及整个低端手机市场。因此，高度依赖4G和入门级5G SoC的供应商将在2026年面临巨大压力。 展望未来，Counterpoint Research表示，智能手机市场预计将在2027年下半年或2028年初趋于正常化。在此之前，行业将在成本、性能和创新之间寻求平衡。人工智能将有助于维持市场需求，但领先的OEM厂商越来越多地采用自主研发的SoC芯片，将继续给传统芯片供应商带来压力，重塑竞争格局。 ☆ END ☆ 注：本文来源相关报道，封图/配图来源AI生成和网络，文章仅供参考、学习和交流之用，不构成任何建议，不代表本号立场。如有任何问题，敬请联系我们（wy@ichunt.com）。 点击左下方“阅读原文”，爆款元器首购1折起",2026-09-01T20:57:14.212045+08:00
gildata,NewsDataQuery,2026年上半年中国智能手机出货量同比增长情况,10,资讯舆情库,2025年国产品牌手机出货同比下降2.5%：2026年手机产业发展五大趋势展望！,0.66,"报告标题：2025年国产品牌手机出货同比下降2.5%：2026年手机产业发展五大趋势展望！；
撰写时间：2026-01-30 22:58:48；
新闻舆情来源：旭日大数据
原文：‍——做有价值的专业科技财经媒体！ 1、2025年12月，国内市场手机出货量2447.3万部，同比下降29.1%，其中，5G手机2213.2万部，同比下降27.3%，占同期手机出货量的90.4%。 2、2025年1-12月，国产品牌手机出货2.62亿部，同比下降2.5%，占同期手机出货量的85.5%;国产品牌上市新机型491款，同比增长17.2%，占同期手机上市新机型数量的95.3%。 3、2026年，全球智能手机市场将进入“总量承压、结构分化”的调整期，高盛将2026年全球智能手机出货量预测下调6%，预计降至11.9亿部，存量博弈进一步加剧。这种背景下，市场格局将呈现“高端扩张、中端内卷、低端萎缩”的态势，高端化与情绪消费成为厂商突围的核心方向。 ‍ 据中国信通院消息，2025年12月，国内市场手机出货量2447.3万部，同比下降29.1%，其中，5G手机2213.2万部，同比下降27.3%，占同期手机出货量的90.4%。 2025年1-12月,国内市场手机出货量3.07亿部,同比下降2.4%,其中，5G手机2.66亿部，同比下降1.9%，占同期手机出货量的86.9%。 2025年1-12月，国内手机上市新机型515款，同比增长15.5%，其中5G手机234款，同比增长1.3%，占同期手机上市新机型数量的45.4%。 2025年1-12月，国产品牌手机出货2.62亿部，同比下降2.5%，占同期手机出货量的85.5%;国产品牌上市新机型491款，同比增长17.2%，占同期手机上市新机型数量的95.3%。 2025年1-12月，智能手机出货量2.85亿部，同比下降3.3%，占同期手机出货量的92.8%;智能手机上市新机型330款，同比增长6.8%，占同期手机上市新机型数量的64.1%。 01 端侧AI全面主导，从“功能插件”升级为“系统核心” 回顾2025年，中国手机市场规模突破万亿元大关，AI手机出货量占比超40%，折叠屏渗透率持续提升，这些信号共同指向一个结论： 2026年将是智能手机行业“质变”的关键一年——端侧AI全面渗透、折叠屏进入全民时代、硬件技术精尖化、生态协同打破边界，同时市场格局分化加剧，情绪消费与高端化成为突围核心。 2025年末豆包AI手机的推出，标志着智能手机行业正式迈入“AI原生”时代，而2026年，端侧AI将完成从“辅助功能”到“系统底层”的全面渗透，成为手机体验的核心竞争力。与2024-2025年的浅层AI应用不同，2026年的端侧AI将实现“算力、模型、场景”的三重突破，真正实现“形态适配AI，AI重构生态”。 算力层面，随着2nm制程芯片的量产，手机端AI算力将迎来指数级提升。三星Exynos 2600采用2nm环绕栅极工艺，AI算力较前代提升113%，可流畅运行百亿参数大模型；台积电N2工艺落地后，苹果、高通、联发科的下一代旗舰SoC也将跟进，实现本地大模型的高效运行，摆脱对云端的依赖，既保障隐私安全，又提升响应速度。 据Counterpoint预测，2026年全球1/3的手机SoC将采用3nm及以下工艺，ASIC定制芯片渗透率达40%，专门针对AI场景进行算力调度，让端侧AI的流畅性实现质的飞跃。 模型层面，“轻量化定制大模型”将成为主流。各大厂商将结合自身生态，推出专属轻量化大模型，实现“千人千面”的智能体验——华为鸿蒙6系统将小艺升级为“智能服务统一入口”，具备跨应用操作能力；荣耀Magic系列搭载的魔法大模型3.0，结合YOYO智能助手，可预判用户行为并提供主动服务。 阿里系则通过千问AI，打通淘宝、支付宝、阿里云盘等App壁垒，实现数据与服务的无缝流转，用户只需一句指令，即可完成跨App复杂操作。同时，智谱开源“会操作手机的”AI智能体模型AutoGLM，将大幅降低AI手机的技术门槛，推动AI生态从封闭走向开放共创。 场景层面，端侧AI将重构用户交互逻辑，实现从“指令响应”到“意图理解”的跨越。在日常使用中，AI可记忆用户习惯，跨App联动执行复杂指令，如“整理今日邮件并生成摘要同步至备忘录”“下单上周同款外卖并更新支付宝账单分类”。 在折叠屏场景中，AI可智能识别折叠状态，自动调整界面布局，展开大屏时启动多窗协同，折叠状态下精简界面并推送高频功能；在影像场景中，“光学+AI”深度融合，2亿像素主摄搭配AI生成式编辑，可完成从拍摄到后期的全链路创作，三星Galaxy Z TriFold已凭借大屏优势，实现AI头像制作、场景实时优化等功能，让普通用户也能轻松产出专业级作品。 市场数据显示，IDC预计2026年中国AI手机出货量将达1.47亿台，同比增长31.6%，占据整体市场的53%，虽然目前AI功能尚未成为用户换机的核心驱动，但超过80%的消费者表示，下一部手机将重点关注AI体验，端侧AI已成为行业新一轮增长的核心引擎。 02 折叠屏进入全民普及期，形态与体验双向升级 折叠屏作为智能手机形态革新的核心方向，经过2023-2025年的技术迭代与市场培育，已摆脱“小众尝鲜”的标签，2026年将正式进入“全民普及期”，成为撬动存量市场换机需求的关键力量。 IDC预测，受苹果首款折叠屏iPhone推动，2026年全球折叠屏手机市场出货量同比增幅将达30%，其中苹果首年即可拿下22%的市场份额，产值占比高达34%，进一步推动折叠屏市场的爆发。 普及的核心驱动力之一是“成本下探”与“体验优化”的双向突破。屏幕方面，国产OLED面板成本较三年前降低40%，抵消了存储芯片上涨的不利因素，使得4000元档位折叠机型批量出现，中端市场覆盖进一步完善，打破此前“万元机”的消费门槛。 铰链技术方面，三星UTG玻璃、OPPO钛合金铰链的优化，让折叠屏手机的折叠寿命稳定突破50万次，折痕肉眼几乎不可见，折叠态厚度逼近直板机，彻底解决了用户对便携性与耐用性的顾虑。 形态创新方面，2026年折叠屏将呈现“多元化细分”格局，摆脱当前“上下折、左右折”的单一形态。三星Galaxy Z TriFold推出三折叠机型，支持本地运行Samsung DeX模式，可同时开启四个独立桌面，每个桌面运行五个应用，搭配磁吸键盘等配件，强化生产力属性，逐步替代部分平板、笔记本功能；华为、小米等国产品牌将布局滑卷屏、卷曲屏等新形态，兼顾大屏体验与便携性，满足不同用户的场景需求——商务用户可选择大屏折叠机型，注重便携性的用户可选择滑卷屏机型，实现“一机多用”。 值得注意的是，2026年折叠屏的竞争将从“硬件形态”转向“软件适配”。随着折叠屏用户规模扩大，厂商将加大对应用适配的投入，解决当前部分应用“拉伸变形”“功能不全”的问题，同时结合端侧AI，实现应用的智能适配的场景联动，让折叠屏的大屏优势真正落地。 此外，折叠屏与AI、生态的结合将成为新的创新点，例如通过AI智能分屏、跨设备协同，让折叠屏成为办公、创作的核心终端，进一步提升产品附加值。 03 硬件迭代精尖化：芯片、屏幕、电池突破瓶颈 在AI与折叠屏的带动下，2026年智能手机的核心硬件将进入“精尖化迭代”阶段，摆脱此前“参数堆砌”的同质化困境，聚焦“低功耗、高性能、强体验”，芯片、屏幕、电池三大核心部件将迎来关键突破。 1.芯片：2nm制程落地，聚焦低功耗与AI算力 2026年将是“2nm芯片元年”，芯片技术的突破不仅支撑端侧AI的发展，更将解决智能手机“高性能与低功耗”的核心矛盾。除了三星Exynos 2600、苹果A19系列、高通骁龙8 Gen5 Plus等旗舰芯片采用2nm制程外，中端机型也将逐步普及4nm制程芯片，实现性能与成本的平衡。 同时，芯片设计将更加“场景化”，专门针对AI、影像、游戏等场景进行算力优化，例如联发科将推出主打AI影像的中端芯片，高通将强化游戏芯片的低功耗表现，满足不同用户群体的需求。 此外，国产自研芯片持续突破，小米玄戒O1、华为海思自研芯片进一步成熟，逐步打破海外芯片的垄断格局。 2.屏幕：Micro LED量产，真全面屏普及 2026年，Micro LED技术将实现小规模量产，成为高端智能手机屏幕的新选择，逐步替代当前的OLED屏幕。Micro LED具备亮度高、对比度高、响应速度快、功耗低、寿命长等优势，尤其适合折叠屏、大屏手机等形态。 据预测，2026年全球Micro LED市场规模将达到150亿美元，中国市场占据40%的份额，华为、苹果、三星等头部厂商将率先在高端机型中搭载Micro LED屏幕。 目前，华为海思与中芯国际合作研发的Micro LED巨量转移技术已实现小规模量产，良率达85%以上，京东方、华星光电等企业也在加速突破，预计2026年Micro LED巨量转移技术良率将提升至90%以上，推动成本下降，逐步向中端市场渗透。 同时，屏下摄像头技术将进一步成熟，实现真全面屏的普及。2026年，屏下摄像头的隐藏效果将大幅提升，前置摄像头画质达到常规前置水平，彻底摆脱“刘海屏”“挖孔屏”的束缚，让手机正面实现完整的显示效果，尤其适配折叠屏、滑卷屏等新形态，提升整体颜值与屏占比。 此外，绿洲护眼屏等健康屏幕技术将成为中端机型的标配，通过低蓝光、高频PWM调光等技术，缓解用户长时间用机的视觉疲劳。 3.电池：硅碳负极普及，快充与续航双向提升 续航焦虑一直是智能手机用户的核心痛点，2026年，电池技术将迎来突破性进展，实现“能量密度、快充速度、循环寿命”的三重提升。 硅碳负极材料将全面普及，能量密度较2025年提升40%，8000mAh大容量电池可控制在8.5mm厚度内，万毫安时电池将成为中端机型的标配，彻底告别“一天多充”的困境。同时，OPPO、小米等厂商将把电池循环寿命目标设定为2000次后容量仍保持80%以上，解决用户“电池衰减快”的顾虑。 快充技术同步升级，旗舰机型有望突破200W有线快充，实现20分钟满电，兼顾长续航与快补能需求；无线快充技术将突破80W，实现“随手放、随手充”，配合无线充电底座，可实现多设备同时充电。 此外，半固态电池技术将进入试点阶段，vivo等厂商已推出第二代半固态电池，能量密度进一步提升，安全性大幅优化，预计2026年末将有部分高端机型搭载，为2027年全面商用奠定基础。 值得注意的是，锂电池的运输与使用规范进一步严格，额定能量>160Wh的锂电池将严禁运输，100-160Wh需提供MSDS证明，这也将推动厂商优化电池设计，聚焦低功耗与高安全性。 04 生态协同打破边界，手机成为“全场景枢纽” 2026年，智能手机的核心定位将从“独立终端”转变为“全场景生态枢纽”，生态协同将打破“品牌壁垒”与“设备壁垒”，实现“跨品牌、跨设备、跨场景”的无缝联动，成为厂商差异化竞争的核心赛道。 跨品牌协同成为新趋势。此前，生态协同多局限于同一品牌的设备之间，而2026年，这种壁垒将被打破——OPPO通过优化互联服务，实现与Apple全家桶（iPhone、iPad、AirPods等）的高效协同；vivo X Fold5已实现与Apple Watch深度互联，后续将进一步打通平板、电脑、智能家居设备的联动。 这种跨品牌协同的背后，是用户对“无缝体验”的核心需求，也是厂商摆脱“单一硬件竞争”的重要方向，未来，不同品牌设备之间的文件流转、多屏协同、消息同步将成为常态。 跨设备协同向“全场景延伸”。智能手机将成为连接平板、电脑、智能家居、车载设备、AR/VR设备的核心枢纽，实现“场景化联动”。 例如，用户在手机上编辑的文档，可无缝同步至平板、电脑，继续编辑；开车时，手机可自动连接车载系统，实现导航、语音控制的无缝切换；在家中，手机可作为智能家居的控制中心，通过AI语音指令，控制灯光、空调、家电等设备；搭配AR/VR设备时，手机可提供算力支撑，实现沉浸式游戏、虚拟办公等场景。 生态协同的核心的是“数据与服务的无缝流转”，而端侧AI则是实现这一目标的关键。通过AI智能识别用户场景与需求，自动调度不同设备的资源，实现服务的主动推送——例如，用户下班回家，手机可自动触发智能家居的“回家模式”，同时将手机上的视频无缝投射至电视；用户外出时，手机可自动同步导航信息至车载设备，实现场景的无缝衔接。 05 市场格局分化加剧，高端化与情绪消费突围 2026年，全球智能手机市场将进入“总量承压、结构分化”的调整期，高盛将2026年全球智能手机出货量预测下调6%，预计降至11.9亿部，存量博弈进一步加剧。这种背景下，市场格局将呈现“高端扩张、中端内卷、低端萎缩”的态势，高端化与情绪消费成为厂商突围的核心方向。 高端市场持续扩张，成为厂商的“利润高地”。据IDC预测，2026年中国智能手机市场600美元以上高端市场份额将达到35.9%，同比增长5.4个百分点；而200美元以下低端市场份额将缩减4.3个百分点。 核心原因在于：内存等核心元器件成本上涨，对低端机型的毛利挤压严重，厂商不得不收缩低端市场布局，将资源聚焦于高端市场。 苹果、三星、华为将占据高端市场的主要份额，苹果凭借折叠屏iPhone进一步巩固优势，华为依托自研技术与品牌溢价，持续挤压高端市场空间，小米、OPPO、vivo则通过折叠屏、高端旗舰机型，逐步向高端市场突破，推出联名款、定制款机型，提升品牌溢价。 情绪消费崛起，重塑用户购买逻辑。随着用户换机周期拉长（目前全球用户平均换机周期已达36个月），单纯的硬件参数已无法刺激用户换机，产品的“情绪价值”变得与技术性能同等重要。2026年，厂商将投入更多精力，通过形态变革、差异化外观设计、联名合作、个性化定制等方式，满足用户的情绪需求： 例如，推出颜值出众的轻薄机型，契合年轻用户的审美；与潮流品牌、IP联名，打造专属机型，增强用户的情感共鸣；提供个性化定制服务，让用户可自定义机身颜色、图案，实现“一机一风格”。这种“情绪导向”的产品设计，将成为中端机型差异化竞争的关键。 市场集中度进一步提升，中小厂商加速出局。存量博弈背景下，头部厂商凭借技术、资金、生态优势，持续挤压中小厂商的生存空间，2026年，全球智能手机市场CR5（前五名厂商份额）将进一步提升至85%以上。 中小厂商要么聚焦细分市场（如三防手机、老人手机），要么依附头部厂商，提供代工服务，单纯依靠性价比的中小品牌将加速退出市场。例如，高盛对传音控股给出“卖出”评级，认为其主战场新兴市场受成本上涨影响巨大，毛利持续承压，缺乏核心竞争力。 06 技术合机遇与挑战并存，行业未来可期 2026年，智能手机行业迎来前所未有的发展机遇：端侧AI的全面渗透，打开了体验创新的新空间；折叠屏的全民普及，撬动了存量市场的换机需求；生态协同的深化，拓宽了手机的应用边界；高端化与情绪消费的崛起，为厂商提供了新的突围方向。 但同时，行业也面临诸多挑战：内存等核心元器件成本上涨，挤压厂商毛利；技术量产难度大，Micro LED、固态电池等技术的普及仍需时间；市场格局分化加剧，中小厂商生存压力增大；合规与环保政策日趋严格，增加厂商的研发与生产成本。 对于头部厂商而言，2026年的核心竞争力在于“技术创新+生态整合”，通过端侧AI、折叠屏、自研芯片等核心技术，打造差异化产品，同时深化生态协同，打破品牌与设备壁垒，提升用户粘性；对于中端厂商而言，需聚焦“情绪消费+性价比”，打造具有个性化、高体验的中端机型，避开高端市场的直接竞争；对于中小厂商而言，需深耕细分市场，打造特色产品，实现“小而美”的发展。 总体来看，2026年的智能手机行业，不再是单纯的硬件竞争，而是“技术、体验、生态、品牌”的综合竞争，行业发展逻辑将彻底转向“以用户为中心”的高质量发展。随着技术的持续突破与厂商的不断创新，智能手机将不再是简单的通信工具，而是成为融入用户工作、生活、娱乐全场景的“智能伙伴”，推动人类进入更智能、更便捷、更绿色的数字时代。 点击下图✨阅读前文 《龙旗科技港股IPO聆讯取得进展：构建AI产品矩阵，获众多机构集体看好》 《左航天右存储：国产芯片独立测试龙头被客户要求涨价！》 《亏损超11亿：OPPO小米华勤龙旗天珑投资的锐石创芯IPO募资8亿》 《传音以AI赋能2025非洲杯背后：技术、品牌及社会责任的三重升级》 《ODM厂商酷赛智能港股IPO，证监会连发四问：为何终止A股上市辅导》 《龙旗科技港股IPO聆讯取得进展：构建AI产品矩阵，获众多机构集体看好》 《涨价潮来袭｜产线供不应求：传中芯国际向客户发涨价函！》 《华勤龙旗小米供应商新声完成近3亿融资：加速进军车规市场》 《传音赴港IPO：2024年手机出货量超2亿部位居全球第三，加速布局AI智能体！》 《领益智造疯狂资本运作背后：资产负债率高达56%，赴港IPO募资再收购》 《华为Mate80/X7系列发布：A股/港股核心供应商深度分析》 《背靠OPPO/传音/华勤：产品单价暴跌，红板科技却IPO过会》 《TCL华星业绩暴增背后：技术与品牌全面升级，助力国产半导体显示引领全球》 《净利润高达上百亿：从苹果等巨头的供应商旭化成看潜伏性固化剂发展》 《闻泰科技十年启示录：从ODM巨头到安世半导体被荷兰狙击》 《欧菲光三季度净利润暴增超4倍：华为Mate 80即将发布》 《光弘科技前三季净利暴增近50%：携手华勤/领益以5.3亿加码越南强化全球市场布局》 《2025年上半年智能手机ODM出货量排行揭晓：天珑移动表现突出，成功晋升行业前三》 《华勤上半年ODM出货量暴增86%超1亿部：前三季毛利超100亿》 《传小米Note15/15C系列出货量预计超2500万部：国产核心供应商解析！》 《2亿像素成旗舰高端机标配：思特威发布2亿像素CIS助力国产手机品牌高端化！》 《全球智能手机第三季度出货量增至3.3亿部：传音排名第四，同比增长13.6%领涨全球！》 《从盈利近4亿到亏损：德明利一个月爆赚280亿，实控人夫妇趁机高位减持套现》 《小米股价暴跌｜演讲2小时，日损超千亿！》 《立讯精密股价暴涨10倍：前三季净利超108亿，闻泰业务表现亮眼！》",2026-09-01T20:57:14.212045+08:00
gildata,NewsDataQuery,2026年上半年中国智能手机出货量同比增长情况,11,资讯舆情库,2026年全球智能机器人硬件市场规模将接近300亿美元；2026年1月国内手机出货量同比下滑16.1% | 每周产业数据汇总,0.65,"报告标题：2026年全球智能机器人硬件市场规模将接近300亿美元；2026年1月国内手机出货量同比下滑16.1% | 每周产业数据汇总；
撰写时间：2026-03-07 08:00:42；
新闻舆情来源：TechSugar
原文：本周有哪些值得关注的数据及榜单呢？ IDC：2026年全球智能机器人硬件市场规模将接近300亿美元 IDC近日发文称，2025年全球人形机器人市场出货量接近1.8万台，同比大幅增长约508%，销售额达4.4亿美元（现约合30.38亿元人民币）；其中，中国作为人形机器人主要应用市场，预计2026年应用场景将拓展至当前的3倍以上，市场规模逼近13亿美元（现约合89.77亿元人民币），同比实现翻倍以上增长。与此同时，中国四足机器人市场规模也将突破7亿美元（现约合48.34亿元人民币），同比同样翻倍。 IDC预测，2026年全球智能机器人硬件市场规模将接近300亿美元（现约合2071.69亿元人民币），其中中国将引领全球具身智能机器人市场增长，成为市场加速扩张的核心主导力量，届时中国具身智能机器人市场规模将突破110亿美元（现约合759.62亿元人民币）。 机构：2025年欧洲智能手机市场出货量下滑1% Omdia近日发布研究报告，2025年欧洲智能手机市场出货量下滑1%，至1.342亿部，标志着这一受需求低迷及环保设计和USB-C新规影响的动荡年份落下帷幕。 三星仍是欧洲最大的智能手机厂商，出货量小幅增长至4660万部。苹果新品受到消费者和企业的强烈欢迎，iPhone换机需求激增，苹果2025年的出货量增长6%至3690万部，在欧洲创下27%的历史最高市场份额。 小米以16%的市场份额继续位居第三，出货量下滑1%至2180万部，主要依靠高性价比的红米系列。摩托罗拉出货量下滑5%至770万部，但仍位居第四。荣耀首次跻身欧洲前五，出货量增长4%至380万部，这主要得益于其价格亲民的X系列。 Omdia：TCL与海信2025年Q4共计拿下北美超30%电视份额 市场调查机构Omdia近日发布报告称，2025年第4季度全球电视出货量保持稳定，共计达到6150万台。 按照市场划分，受限于政府补贴政策影响，以及消费者在过去一年提前升级设备，Omdia指出中国市场出货量同比下降25.3%。中国品牌为应对国内消费疲软，主动将业务重心转向国际市场，直接推动了北美、西欧地区的超预期表现。 细分到品牌方面，TCL和海信在本土市场遇冷的情况下，依然实现了2.2%的合并出货量同比增长，这两大品牌在北美市场的合并份额从28.6%攀升至30.7%。 IDC：中国企业活跃智能体数量将在2031年突破3.5亿规模 据IDC近日发布的中国企业活跃智能体预测称，中国企业的活跃智能体规模正在进入一段前所未有的加速期。 IDC预测，随着本土模型能力的持续升级、智能体技术与应用生态的快速成熟，以及产业政策的叠加共振，中国企业活跃智能体数量将在2031年突破3.5亿规模，年复合增长率达到135%以上，增速将领先全球主要市场。 同时，由于智能体任务执行密度的增长和任务复杂度的提升，也将带来智能体Token消耗年均超30倍的指数级跃升。 中国信通院：2026年1月国内手机出货量同比下滑16.1% 根据中国信通院近日公布最的2026年1月数据显示，今年1月，国内市场手机出货量2286.6万部，同比下降16.1%，其中5G手机1987.0万部，同比下降15.9%，占同期手机出货量的86.9%。 2026年1月，国内手机上市新机型37款，同比增长2.8%，其中5G手机20款，同比下降4.8%，占同期手机上市新机型数量的54.1%。 2026年1月，国产品牌手机出货量2007.4万部，同比下降12.1%，占同期手机出货量的87.8%；国产品牌上市新机型33款，同比下降5.7%，占同期手机上市新机型数量的89.2%。 2026年1月，智能手机出货量2069.6万部，同比下降15.6%，占同期手机出货量的90.5%；智能手机上市新机型32款，同比增长28.0%，占同期手机上市新机型数量的86.5%。 机构：2025年Q4中东和非洲智能手机出货量增长5% 市调机构Counterpoint Research近日在报告中指出，2025年第四季度中东和非洲（MEA）地区的智能手机出货量同比增长5%，这是该地区连续第三个季度实现增长。这一增长势头主要得益于技术进步、高端化以及智能化的发展。 从厂商表现上看，三星凭借创纪录的53%同比增长，重夺中东和非洲地区销量冠军宝座，连续第二个季度超越传音。这一业绩得益于三星采取的战略性前期投入，旨在对冲不断上涨的零部件成本，并为即将到来的斋月销售旺季做好准备。 传音和小米等中国OEM厂商是最早受到持续内存短缺影响的品牌之一。这场始于2025年中期的短缺影响了2025年第四季度的生产周期，导致小米和传音的出货量分别下降了14%和4%。荣耀保持了83%的显著同比增长，但这一增长主要归功于较低的同比基数以及支撑荣耀保持销量和价格的稳健零部件库存。 Omdia：2025年全球智能手机出货量达到12.5亿部，同比增长2% 市场调查机构Omdia近日发布报告，显示2025年全球智能手机出货量达到12.5亿部，同比增长2%，创下2021年以来新高。 细分到品牌方面，苹果在2025年继续保持行业领先地位，iPhone出货量总计达到2.406亿部，同比增长7%，不仅创下其年度出货量的历史新高，还连续第三年蝉联全球最大智能手机厂商的宝座。 三星在经历连续三年的销量下滑后，终于在2025年实现了反弹，出货量同样取得7%的同比增长，仅以微弱差距落后于苹果，稳居全球第二。 小米在2025年成功捍卫了全球第三的排位，顶住了年末出现的市场压力。vivo的市场表现则尤为亮眼，全年出货量同比增长4%，达到1.053亿部。得益于在印度市场的持续扩张以及中国国内市场的稳定表现，vivo在2025年首次跻身全球出货量前四名，实现了关键的品牌占位突破。 OPPO以1.007亿部的全年出货量排名第五。该公司在2025年上半年经历了严峻的市场挑战，导致全年总出货量同比下降3%。不过，随着A6x系列新机在第四季度顺利发布，OPPO已成功重回增长轨道。 TrendForce：2025年Q4五大NAND闪存原厂相关营收环比增长23.8% TrendForce表示，五大NAND闪存原厂（三星、SK海力士、铠侠、美光、闪迪）相关业务在2025年第4季度合计实现211.725亿美元营业收入（现约合1461.54亿元人民币），环比增长23.8%。 这其中包含SK海力士与下属Solidigm的SK集团整体上月在NAND业务上取得了47.8%的显著环比增幅；铠侠尽管增长有限但在营收和bit出货量两方面皆创下单季度新高。 对于2026年Q1，TrendForce认为由于NAND闪存扩充幅度有限、AI需求爆发导致供需严重失衡，原厂继续拉抬价格的意愿强烈，产品整体合约价格预计将环比增长85%~90%；与此同时，产能资源也将持续向服务器端倾斜，重心转移至超大容量QLC eSSD，消费类产品的供应将受到排挤。 机构：2025年全球可穿戴设备出货量突破2亿台 据市调机构Omdia数据数据显示，2025年全球可穿戴设备出货量突破2亿台，同比增长6%。 从厂商排名上看，小米自2020年以来首次重回榜首，以18%的市场份额成为全球年度出货量最大的可穿戴设备厂商。苹果紧随其后，以17%位列第二，华为以16%排名第三。市场整合趋势明显 。前五大厂商还包括三星（9%）和佳明（5%），其中前三名之间竞争尤为激烈。 展望未来，Omdia预计2026年全球可穿戴设备市场将实现温和的个位数增长，这不仅反映了出货量的持续扩张，也体现了行业价值结构的逐步变化。增长将越来越依赖端侧AI的进步，以及对更专业化运动和健康管理需求的提升。 TrendForce：预估今年全球新能源车销量2340万辆，同比增幅收窄至14% 根据TrendForce调查，2025年全球纯电、插混和氢燃料电池车等新能源车合计销量达2053万辆，同比增长26%。TrendForce预估2026年全球销量为2340万辆，增幅将缩减至14%。 观察区域市场表现，2025年中国占据全球约66%的新能源车市场，因基期较高录得24%增幅，略低于平均水平。西欧市场同比增长近30%，为2022年以来最高。 另外， 报告显示，2026年各主要市场的新能源车政策皆有重大改变：中国的补贴从定额改为依售价比例；美国不再提供联邦补助，德国则重启补助且不限产地，预计中国制电动汽车将受惠。 END",2026-09-01T20:57:14.212045+08:00
gildata,NewsDataQuery,2026年上半年中国智能手机出货量同比增长情况,12,资讯舆情库,Counterpoint：二季度全球智能手机出货量同比下滑11% 创2013年以来最低水平,0.65,"报告标题：Counterpoint：二季度全球智能手机出货量同比下滑11% 创2013年以来最低水平；
撰写时间：2026-07-14 13:41:50；
新闻舆情来源：智通财经
原文：智通财经APP获悉，根据 Counterpoint Research 智能手机市场监测初步统计，随着存储短缺问题加剧并成为影响行业的主要因素，2026 年第二季度全球智能手机出货量同比下滑 11%，创下自 2013 年以来第二季度最低水平。由于存储供应商持续将产能优先分配给 AI 数据中心，而非消费电子产品，DRAM 和 NAND 价格在整个季度继续大幅上涨，智能手机 OEM 厂商通过多轮涨价，将不断攀升的物料成本(BOM)转嫁给消费者，尤其是入门级和中端机型受到的影响最为明显。Counterpoint Research 高级分析师 Shilpi Jain 表示：""全球存储危机现已超越其他所有因素，成为智能手机行业面临的最大挑战。去年还只是零部件供应问题，如今已演变为全面的需求问题。占据全球智能手机出货量大部分的入门级和中端产品，对物料成本变化尤为敏感，原有价格体系已难以维持。各大厂商采取了不同的应对策略：部分品牌选择提价并承受利润压力;部分延长老款产品生命周期，并通过促销吸引预算有限的消费者;还有一些品牌则减少新品发布和生产计划。与此同时，中东地区地缘政治紧张局势推高了石油和运输成本，进一步推高了智能手机售价。叠加全球经济增长放缓、通胀高企以及消费者信心跌至历史低位等宏观因素，价格敏感型消费者受到的冲击尤为明显。""全球前五大智能手机品牌Sell-in出货量占比(初步数据)2026 年第二季度，三星以 24% 的市场份额重新夺回全球智能手机市场第一的位置，并在全球前五大品牌中实现最高同比增速。凭借更稳定的产品供应、较少的提价举措以及积极的夏季促销活动，三星在印度和中东市场保持了良好的增长势头，同时旗舰产品持续受到市场欢迎。Galaxy S26 系列进入放量阶段，带动整体出货量增长，其中 Ultra 版本凭借隐私显示屏和 AI 功能成为表现最突出的机型。此外，三星依托垂直整合能力、不断扩展的 AI 产品组合以及更新后的产品阵容，在入门级和中端市场需求疲软的情况下依然保持增长。苹果第二季度出货量同比增长 3%，市场份额创历史新高达到 20%。同时，苹果也是本季度唯一未上调智能手机售价的主要 OEM 厂商。这也是苹果连续多个季度保持同比增长，主要受益于 iPhone 17 系列持续强劲的市场表现，该系列继续保持全球出货量最高机型的位置，同时多个核心市场需求保持稳健。不过，中国市场仍然相对疲弱，尽管苹果在 618 购物节前提前启动促销活动，但由于今年优惠力度低于 2025 年同期，其在中国市场的出货量仍同比下滑。此外，在存储供应受限的背景下，零部件资源优先保障最新一代产品，导致老款 iPhone 市场需求进一步走弱。由于存储成本上涨导致市场波动加剧，小米、OPPO 和 vivo 在 2026 年第二季度均录得两位数的同比出货量跌幅。随着价格敏感型入门级和中端市场需求受到抑制，这三家品牌由于产品布局更加集中于相关价位段，受冲击程度尤为严重。消费者普遍推迟换机、转向购买老款产品，或进一步延长换机周期。尽管如此，小米通过精简产品组合、放宽零售商融资条件以稳定出货量，市场份额达到 12%。与此同时，红米 Note 15 系列、红米 K90 系列以及小米 17 系列带动其高端市场取得一定突破。OPPO 和 vivo 本季度分别位列市场第四和第五，出货量分别为 11% 和 8%。Vivo 受到供应问题影响，同时近期价格上涨使多款核心机型脱离其关键价格区间，进一步影响整体出货表现。OPPO 则在多数核心市场需求持续疲软，不过 A 系列和 Reno 系列表现相对稳健，一定程度上缓解了整体出货量下滑，但其仍持续受到与行业整体一致的入门级成本压力影响。除前五大品牌外，谷歌和华为在 2026 年第二季度表现亮眼，出货量分别同比增长 16% 和 6%。其中，谷歌凭借 Pixel 10 和 Pixel 10a 在多个成熟市场实现强劲增长;华为则受益于 Mate 80 系列、Nova 15 系列以及新发布的畅享 90 系列，持续推动出货增长。展望 2026 年剩余时间，市场前景依然充满挑战。Counterpoint Research 预计，2026 年全球智能手机出货量全年仍将同比下降约 14%，全球存储短缺预计将持续至 2027 年。智能手机 OEM 厂商可能会更加注重盈利能力而非出货规模，削减低利润产品，优化配置和存储容量组合，并进一步依靠翻新机和上一代产品满足预算有限消费者的需求。与此同时，在分期付款、品牌生态黏性以及 AI 驱动的零售体验等因素支持下，高端化趋势预计将在今年剩余时间保持相对稳健。但整体市场需求真正恢复，仍有赖于存储器供应环境出现明显改善。",2026-09-01T20:57:14.212045+08:00
